-- MySQL dump 10.11
--
-- Host: localhost    Database: sketcho
-- ------------------------------------------------------
-- Server version	5.0.45

/*!40101 SET @OLD_CHARACTER_SET_CLIENT=@@CHARACTER_SET_CLIENT */;
/*!40101 SET @OLD_CHARACTER_SET_RESULTS=@@CHARACTER_SET_RESULTS */;
/*!40101 SET @OLD_COLLATION_CONNECTION=@@COLLATION_CONNECTION */;
/*!40101 SET NAMES utf8 */;
/*!40103 SET @OLD_TIME_ZONE=@@TIME_ZONE */;
/*!40103 SET TIME_ZONE='+00:00' */;
/*!40014 SET @OLD_UNIQUE_CHECKS=@@UNIQUE_CHECKS, UNIQUE_CHECKS=0 */;
/*!40014 SET @OLD_FOREIGN_KEY_CHECKS=@@FOREIGN_KEY_CHECKS, FOREIGN_KEY_CHECKS=0 */;
/*!40101 SET @OLD_SQL_MODE=@@SQL_MODE, SQL_MODE='NO_AUTO_VALUE_ON_ZERO' */;
/*!40111 SET @OLD_SQL_NOTES=@@SQL_NOTES, SQL_NOTES=0 */;

--
-- Table structure for table `acl_class`
--

DROP TABLE IF EXISTS `acl_class`;
CREATE TABLE `acl_class` (
  `id` bigint(20) NOT NULL auto_increment,
  `class` text,
  PRIMARY KEY  (`id`)
) ENGINE=InnoDB AUTO_INCREMENT=2 DEFAULT CHARSET=utf8;

--
-- Dumping data for table `acl_class`
--

LOCK TABLES `acl_class` WRITE;
/*!40000 ALTER TABLE `acl_class` DISABLE KEYS */;
INSERT INTO `acl_class` VALUES (1,'net.st.shareddesign.server.domain.Project');
/*!40000 ALTER TABLE `acl_class` ENABLE KEYS */;
UNLOCK TABLES;

--
-- Table structure for table `acl_entry`
--

DROP TABLE IF EXISTS `acl_entry`;
CREATE TABLE `acl_entry` (
  `id` bigint(20) NOT NULL auto_increment,
  `audit_failure` bit(1) NOT NULL,
  `audit_success` bit(1) NOT NULL,
  `granting` bit(1) NOT NULL,
  `mask` bigint(20) NOT NULL,
  `acl_object_identity` bigint(20) NOT NULL,
  `ace_order` bigint(20) NOT NULL,
  `sid` bigint(20) NOT NULL,
  PRIMARY KEY  (`id`),
  KEY `FK5302D47DC9C3D870` (`acl_object_identity`),
  KEY `FK5302D47DA1F5C492` (`sid`)
) ENGINE=InnoDB AUTO_INCREMENT=905 DEFAULT CHARSET=utf8;

--
-- Dumping data for table `acl_entry`
--

LOCK TABLES `acl_entry` WRITE;
/*!40000 ALTER TABLE `acl_entry` DISABLE KEYS */;
INSERT INTO `acl_entry` VALUES (769,'\0','\0','',16,4,0,412),(780,'','','',16,2,0,425),(781,'\0','\0','',1,2,1,426),(782,'\0','\0','',2,2,2,427),(783,'\0','\0','',1,2,3,428),(784,'\0','\0','',1,2,4,429),(785,'\0','\0','',1,2,5,430),(786,'\0','\0','',2,2,6,431),(787,'\0','\0','',2,2,7,432),(788,'\0','\0','',2,2,8,433),(789,'\0','\0','',1,2,9,434),(790,'\0','\0','',2,2,10,435),(801,'\0','\0','',16,5,0,452),(802,'\0','\0','',1,5,1,453),(803,'\0','\0','',2,5,2,454),(804,'\0','\0','',1,5,3,455),(805,'\0','\0','',2,5,4,456),(820,'\0','\0','',16,6,0,477),(821,'\0','\0','',16,7,0,1),(855,'','','',16,1,0,1),(856,'\0','\0','',1,1,1,2),(857,'\0','\0','',1,1,2,5),(858,'\0','\0','',2,1,3,5),(859,'\0','\0','',1,1,4,4),(860,'\0','\0','',2,1,5,4),(861,'\0','\0','',2,1,6,2),(862,'\0','\0','',1,1,7,479),(863,'\0','\0','',2,1,8,479),(887,'','','',16,3,0,1),(888,'\0','\0','',1,3,1,5),(889,'\0','\0','',2,3,2,5),(890,'\0','\0','',1,3,3,4),(891,'\0','\0','',2,3,4,4),(892,'\0','\0','',1,3,5,2),(893,'\0','\0','',2,3,6,2),(894,'\0','\0','',1,3,7,3),(895,'\0','\0','',2,3,8,3),(896,'\0','\0','',1,3,9,476),(897,'\0','\0','',1,3,10,480),(898,'\0','\0','',16,8,0,1),(902,'\0','\0','',16,9,0,1),(903,'\0','\0','',1,9,1,5),(904,'\0','\0','',2,9,2,5);
/*!40000 ALTER TABLE `acl_entry` ENABLE KEYS */;
UNLOCK TABLES;

--
-- Table structure for table `acl_object_identity`
--

DROP TABLE IF EXISTS `acl_object_identity`;
CREATE TABLE `acl_object_identity` (
  `id` bigint(20) NOT NULL auto_increment,
  `entries_inheriting` bit(1) NOT NULL,
  `object_id_class` bigint(20) NOT NULL,
  `object_id_identity` bigint(20) NOT NULL,
  `owner_sid` bigint(20) NOT NULL,
  `parent_object` bigint(20) default NULL,
  PRIMARY KEY  (`id`),
  KEY `FK2A2BB009A3065506` (`owner_sid`),
  KEY `FK2A2BB00964BC6D42` (`object_id_class`)
) ENGINE=InnoDB AUTO_INCREMENT=10 DEFAULT CHARSET=utf8;

--
-- Dumping data for table `acl_object_identity`
--

LOCK TABLES `acl_object_identity` WRITE;
/*!40000 ALTER TABLE `acl_object_identity` DISABLE KEYS */;
INSERT INTO `acl_object_identity` VALUES (1,'',1,2,1,NULL),(2,'',1,3,436,NULL),(3,'',1,1,1,NULL),(4,'',1,4,413,NULL),(5,'',1,5,457,NULL),(6,'',1,6,478,NULL),(7,'',1,7,1,NULL),(8,'',1,8,1,NULL),(9,'',1,9,1,NULL);
/*!40000 ALTER TABLE `acl_object_identity` ENABLE KEYS */;
UNLOCK TABLES;

--
-- Table structure for table `acl_sid`
--

DROP TABLE IF EXISTS `acl_sid`;
CREATE TABLE `acl_sid` (
  `id` bigint(20) NOT NULL auto_increment,
  `principal` bit(1) NOT NULL,
  `sid` text NOT NULL,
  PRIMARY KEY  (`id`)
) ENGINE=InnoDB AUTO_INCREMENT=481 DEFAULT CHARSET=utf8;

--
-- Dumping data for table `acl_sid`
--

LOCK TABLES `acl_sid` WRITE;
/*!40000 ALTER TABLE `acl_sid` DISABLE KEYS */;
INSERT INTO `acl_sid` VALUES (1,'','saiki'),(2,'','marissa'),(3,'','jean'),(4,'','myrtti'),(5,'','artti'),(6,'','kalle'),(7,'','pekka'),(8,'','jaana'),(9,'','saiki'),(10,'','artti'),(11,'','artti'),(12,'','jean'),(13,'','pekka'),(14,'','marissa'),(15,'','saiki'),(16,'','saiki'),(17,'','artti'),(18,'','artti'),(19,'','jean'),(20,'','pekka'),(21,'','marissa'),(22,'','marissa'),(23,'','saiki'),(24,'','saiki'),(25,'','artti'),(26,'','artti'),(27,'','jean'),(28,'','pekka'),(29,'','marissa'),(30,'','marissa'),(31,'','jean'),(32,'','saiki'),(33,'','saiki'),(34,'','artti'),(35,'','artti'),(36,'','jean'),(37,'','pekka'),(38,'','marissa'),(39,'','marissa'),(40,'','saiki'),(41,'','saiki'),(42,'','artti'),(43,'','artti'),(44,'','jean'),(45,'','pekka'),(46,'','marissa'),(47,'','saiki'),(48,'','saiki'),(49,'','artti'),(50,'','artti'),(51,'','jean'),(52,'','pekka'),(53,'','marissa'),(54,'','jean'),(55,'','saiki'),(56,'','saiki'),(57,'','artti'),(58,'','artti'),(59,'','jean'),(60,'','pekka'),(61,'','marissa'),(62,'','jean'),(63,'','marissa'),(64,'','saiki'),(65,'','saiki'),(66,'','artti'),(67,'','artti'),(68,'','jean'),(69,'','pekka'),(70,'','marissa'),(71,'','jean'),(72,'','marissa'),(73,'','pekka'),(74,'','saiki'),(75,'','saiki'),(76,'','artti'),(77,'','artti'),(78,'','jean'),(79,'','pekka'),(80,'','marissa'),(81,'','jean'),(82,'','marissa'),(83,'','saiki'),(84,'','saiki'),(85,'','artti'),(86,'','artti'),(87,'','jean'),(88,'','pekka'),(89,'','marissa'),(90,'','jean'),(91,'','marissa'),(92,'','pekka'),(93,'','saiki'),(94,'','saiki'),(95,'','artti'),(96,'','artti'),(97,'','jean'),(98,'','pekka'),(99,'','marissa'),(100,'','jean'),(101,'','marissa'),(102,'','pekka'),(103,'','rampe'),(104,'','saiki'),(105,'','saiki'),(106,'','artti'),(107,'','artti'),(108,'','jean'),(109,'','pekka'),(110,'','marissa'),(111,'','jean'),(112,'','marissa'),(113,'','pekka'),(114,'','rampe'),(115,'','rampe'),(116,'','saiki'),(117,'','saiki'),(118,'','artti'),(119,'','artti'),(120,'','jean'),(121,'','pekka'),(122,'','marissa'),(123,'','jean'),(124,'','marissa'),(125,'','pekka'),(126,'','rampe'),(127,'','saiki'),(128,'','saiki'),(129,'','artti'),(130,'','artti'),(131,'','jean'),(132,'','pekka'),(133,'','marissa'),(134,'','jean'),(135,'','marissa'),(136,'','pekka'),(137,'','rampe'),(138,'','rampe'),(139,'','saiki'),(140,'','saiki'),(141,'','artti'),(142,'','artti'),(143,'','jean'),(144,'','pekka'),(145,'','marissa'),(146,'','jean'),(147,'','marissa'),(148,'','pekka'),(149,'','rampe'),(150,'','saiki'),(151,'','saiki'),(152,'','artti'),(153,'','artti'),(154,'','jean'),(155,'','pekka'),(156,'','marissa'),(157,'','jean'),(158,'','marissa'),(159,'','pekka'),(160,'','rampe'),(161,'','rampe'),(162,'','saiki'),(163,'','saiki'),(164,'','artti'),(165,'','artti'),(166,'','jean'),(167,'','pekka'),(168,'','marissa'),(169,'','jean'),(170,'','marissa'),(171,'','pekka'),(172,'','saiki'),(173,'','saiki'),(174,'','artti'),(175,'','artti'),(176,'','jean'),(177,'','pekka'),(178,'','marissa'),(179,'','jean'),(180,'','marissa'),(181,'','pekka'),(182,'','rampe'),(183,'','saiki'),(184,'','saiki'),(185,'','artti'),(186,'','artti'),(187,'','jean'),(188,'','pekka'),(189,'','marissa'),(190,'','jean'),(191,'','marissa'),(192,'','pekka'),(193,'','rampe'),(194,'','rampe'),(195,'','saiki'),(196,'','saiki'),(197,'','artti'),(198,'','artti'),(199,'','jean'),(200,'','pekka'),(201,'','marissa'),(202,'','jean'),(203,'','marissa'),(204,'','pekka'),(205,'','rampe'),(206,'','rampe'),(207,'','myrtti'),(208,'','saiki'),(209,'','saiki'),(210,'','artti'),(211,'','artti'),(212,'','jean'),(213,'','pekka'),(214,'','marissa'),(215,'','jean'),(216,'','marissa'),(217,'','pekka'),(218,'','rampe'),(219,'','rampe'),(220,'','myrtti'),(221,'','myrtti'),(222,'','saiki'),(223,'','saiki'),(224,'','artti'),(225,'','artti'),(226,'','jean'),(227,'','pekka'),(228,'','jean'),(229,'','pekka'),(230,'','rampe'),(231,'','rampe'),(232,'','myrtti'),(233,'','myrtti'),(234,'','saiki'),(235,'','saiki'),(236,'','artti'),(237,'','artti'),(238,'','jean'),(239,'','pekka'),(240,'','jean'),(241,'','pekka'),(242,'','myrtti'),(243,'','myrtti'),(244,'','saiki'),(245,'','saiki'),(246,'','jean'),(247,'','pekka'),(248,'','jean'),(249,'','pekka'),(250,'','myrtti'),(251,'','myrtti'),(252,'','saiki'),(253,'','saiki'),(254,'','jean'),(255,'','pekka'),(256,'','jean'),(257,'','pekka'),(258,'','saiki'),(259,'','saiki'),(260,'','pekka'),(261,'','pekka'),(262,'','saiki'),(263,'','saiki'),(264,'','saiki'),(265,'','saiki'),(266,'','myrtti'),(267,'','marissa'),(268,'','saiki'),(269,'','saiki'),(270,'','myrtti'),(271,'','marissa'),(272,'','rampe'),(273,'','saiki'),(274,'','saiki'),(275,'','myrtti'),(276,'','marissa'),(277,'','rampe'),(278,'','artti'),(279,'','saiki'),(280,'','saiki'),(281,'','myrtti'),(282,'','marissa'),(283,'','rampe'),(284,'','artti'),(285,'','artti'),(286,'','saiki'),(287,'','saiki'),(288,'','myrtti'),(289,'','marissa'),(290,'','rampe'),(291,'','artti'),(292,'','artti'),(293,'','artti'),(294,'','saiki'),(295,'','saiki'),(296,'','myrtti'),(297,'','marissa'),(298,'','rampe'),(299,'','artti'),(300,'','artti'),(301,'','saiki'),(302,'','saiki'),(303,'','myrtti'),(304,'','marissa'),(305,'','rampe'),(306,'','artti'),(307,'','artti'),(308,'','marissa'),(309,'','saiki'),(310,'','saiki'),(311,'','myrtti'),(312,'','marissa'),(313,'','rampe'),(314,'','artti'),(315,'','artti'),(316,'','saiki'),(317,'','saiki'),(318,'','myrtti'),(319,'','marissa'),(320,'','rampe'),(321,'','artti'),(322,'','saiki'),(323,'','saiki'),(324,'','myrtti'),(325,'','marissa'),(326,'','rampe'),(327,'','artti'),(328,'','artti'),(329,'','saiki'),(330,'','saiki'),(331,'','myrtti'),(332,'','marissa'),(333,'','rampe'),(334,'','artti'),(335,'','artti'),(336,'','artti'),(337,'','saiki'),(338,'','saiki'),(339,'','myrtti'),(340,'','marissa'),(341,'','artti'),(342,'','artti'),(343,'','artti'),(344,'','saiki'),(345,'','saiki'),(346,'','marissa'),(347,'','artti'),(348,'','artti'),(349,'','artti'),(350,'','saiki'),(351,'','saiki'),(352,'','artti'),(353,'','artti'),(354,'','artti'),(355,'','saiki'),(356,'','saiki'),(357,'','artti'),(358,'','artti'),(359,'','artti'),(360,'','marissa'),(361,'','saiki'),(362,'','saiki'),(363,'','artti'),(364,'','artti'),(365,'','artti'),(366,'','marissa'),(367,'','myrtti'),(368,'','saiki'),(369,'','saiki'),(370,'','artti'),(371,'','artti'),(372,'','artti'),(373,'','marissa'),(374,'','myrtti'),(375,'','rampe'),(376,'','saiki'),(377,'','saiki'),(378,'','artti'),(379,'','artti'),(380,'','marissa'),(381,'','myrtti'),(382,'','rampe'),(383,'','saiki'),(384,'','saiki'),(385,'','artti'),(386,'','artti'),(387,'','marissa'),(388,'','myrtti'),(389,'','rampe'),(390,'','marissa'),(391,'','saiki'),(392,'','saiki'),(393,'','artti'),(394,'','artti'),(395,'','marissa'),(396,'','myrtti'),(397,'','rampe'),(398,'','marissa'),(399,'','myrtti'),(400,'','saiki'),(401,'','saiki'),(402,'','artti'),(403,'','artti'),(404,'','marissa'),(405,'','myrtti'),(406,'','rampe'),(407,'','marissa'),(408,'','myrtti'),(409,'','rampe'),(410,'','saiki'),(411,'','riina'),(412,'','riina'),(413,'','riina'),(414,'','saiki'),(415,'','artti'),(416,'','artti'),(417,'','marissa'),(418,'','myrtti'),(419,'','rampe'),(420,'','marissa'),(421,'','myrtti'),(422,'','rampe'),(423,'','riina'),(424,'','saiki'),(425,'','saiki'),(426,'','artti'),(427,'','artti'),(428,'','marissa'),(429,'','myrtti'),(430,'','rampe'),(431,'','marissa'),(432,'','myrtti'),(433,'','rampe'),(434,'','riina'),(435,'','riina'),(436,'','saiki'),(437,'','artti'),(438,'','artti'),(439,'','artti'),(440,'','artti'),(441,'','myrtti'),(442,'','artti'),(443,'','artti'),(444,'','myrtti'),(445,'','myrtti'),(446,'','artti'),(447,'','artti'),(448,'','myrtti'),(449,'','myrtti'),(450,'','saiki'),(451,'','artti'),(452,'','artti'),(453,'','myrtti'),(454,'','myrtti'),(455,'','saiki'),(456,'','saiki'),(457,'','artti'),(458,'','saiki'),(459,'','artti'),(460,'','saiki'),(461,'','saiki'),(462,'','artti'),(463,'','artti'),(464,'','saiki'),(465,'','saiki'),(466,'','artti'),(467,'','artti'),(468,'','myrtti'),(469,'','saiki'),(470,'','saiki'),(471,'','artti'),(472,'','artti'),(473,'','myrtti'),(474,'','myrtti'),(475,'','saiki'),(476,'','test1'),(477,'','test1'),(478,'','test1'),(479,'','jarna'),(480,'','Jari');
/*!40000 ALTER TABLE `acl_sid` ENABLE KEYS */;
UNLOCK TABLES;

--
-- Table structure for table `authorities`
--

DROP TABLE IF EXISTS `authorities`;
CREATE TABLE `authorities` (
  `id` bigint(20) NOT NULL auto_increment,
  `authority` varchar(50) NOT NULL,
  `username` varchar(255) NOT NULL,
  PRIMARY KEY  (`id`),
  KEY `FK2B0F1321584C2D4F` (`username`)
) ENGINE=InnoDB AUTO_INCREMENT=15 DEFAULT CHARSET=utf8;

--
-- Dumping data for table `authorities`
--

LOCK TABLES `authorities` WRITE;
/*!40000 ALTER TABLE `authorities` DISABLE KEYS */;
INSERT INTO `authorities` VALUES (1,'ROLE_USER','marissa'),(2,'ROLE_SUPERUSER','marissa'),(3,'ROLE_USER','saiki'),(4,'ROLE_USER','myrtti'),(5,'ROLE_USER','artti'),(6,'ROLE_USER','jean'),(7,'ROLE_USER','jaana'),(8,'ROLE_USER','pekka'),(9,'ROLE_USER','rampe'),(10,'ROLE_USER','kalle'),(11,'ROLE_USER','riina'),(12,'ROLE_USER','test1'),(13,'ROLE_USER','jarna'),(14,'ROLE_USER','Jari');
/*!40000 ALTER TABLE `authorities` ENABLE KEYS */;
UNLOCK TABLES;

--
-- Table structure for table `content`
--

DROP TABLE IF EXISTS `content`;
CREATE TABLE `content` (
  `id` bigint(20) NOT NULL auto_increment,
  `name` varchar(255) default NULL,
  `height` int(11) default NULL,
  `width` int(11) default NULL,
  `createdTime` bigint(20) default NULL,
  `creator` varchar(255) default NULL,
  `modifiedTime` bigint(20) default NULL,
  `modifier` varchar(255) default NULL,
  PRIMARY KEY  (`id`)
) ENGINE=InnoDB AUTO_INCREMENT=351 DEFAULT CHARSET=utf8;

--
-- Dumping data for table `content`
--

LOCK TABLES `content` WRITE;
/*!40000 ALTER TABLE `content` DISABLE KEYS */;
INSERT INTO `content` VALUES (1,NULL,NULL,NULL,NULL,NULL,NULL,NULL),(4,NULL,NULL,NULL,NULL,NULL,NULL,NULL),(5,NULL,500,700,NULL,NULL,NULL,NULL),(6,NULL,NULL,NULL,NULL,NULL,NULL,NULL),(7,NULL,500,700,NULL,NULL,NULL,NULL),(8,NULL,NULL,NULL,NULL,NULL,NULL,NULL),(9,NULL,500,700,NULL,NULL,1250868248367,'artti'),(10,NULL,0,0,NULL,NULL,NULL,NULL),(11,NULL,NULL,NULL,NULL,NULL,NULL,NULL),(12,NULL,290,700,NULL,NULL,NULL,NULL),(13,NULL,NULL,NULL,NULL,NULL,NULL,NULL),(16,NULL,500,700,NULL,NULL,NULL,NULL),(17,NULL,0,0,NULL,NULL,NULL,NULL),(19,NULL,NULL,NULL,NULL,NULL,NULL,NULL),(20,NULL,NULL,NULL,NULL,NULL,NULL,NULL),(46,NULL,NULL,NULL,NULL,NULL,NULL,NULL),(47,NULL,NULL,NULL,NULL,NULL,NULL,NULL),(48,NULL,NULL,NULL,NULL,NULL,NULL,NULL),(52,NULL,200,700,NULL,NULL,NULL,NULL),(53,NULL,200,700,NULL,NULL,NULL,NULL),(54,NULL,NULL,NULL,NULL,NULL,NULL,NULL),(55,NULL,NULL,NULL,NULL,NULL,NULL,NULL),(56,NULL,200,700,NULL,NULL,NULL,NULL),(58,NULL,NULL,NULL,NULL,NULL,NULL,NULL),(59,NULL,NULL,NULL,NULL,NULL,NULL,NULL),(60,NULL,NULL,NULL,NULL,NULL,NULL,NULL),(62,NULL,NULL,NULL,NULL,NULL,NULL,NULL),(63,NULL,NULL,NULL,NULL,NULL,NULL,NULL),(64,NULL,NULL,NULL,NULL,NULL,NULL,NULL),(65,NULL,NULL,NULL,NULL,NULL,NULL,NULL),(68,NULL,200,700,NULL,NULL,NULL,NULL),(69,NULL,NULL,NULL,NULL,NULL,NULL,NULL),(70,NULL,NULL,NULL,NULL,NULL,NULL,NULL),(71,NULL,500,700,NULL,NULL,NULL,NULL),(75,NULL,NULL,NULL,NULL,NULL,NULL,NULL),(76,NULL,NULL,NULL,NULL,NULL,NULL,NULL),(77,NULL,NULL,NULL,NULL,NULL,NULL,NULL),(78,NULL,395,700,NULL,NULL,NULL,NULL),(80,NULL,NULL,NULL,NULL,NULL,NULL,NULL),(81,NULL,NULL,NULL,NULL,NULL,NULL,NULL),(82,NULL,NULL,NULL,NULL,NULL,NULL,NULL),(83,NULL,335,700,NULL,NULL,NULL,NULL),(85,NULL,200,700,NULL,NULL,NULL,NULL),(86,NULL,470,700,NULL,NULL,NULL,NULL),(87,NULL,335,700,NULL,NULL,NULL,NULL),(88,NULL,200,700,NULL,NULL,NULL,NULL),(93,NULL,NULL,NULL,NULL,NULL,NULL,NULL),(94,NULL,NULL,NULL,NULL,NULL,NULL,NULL),(95,NULL,500,700,NULL,NULL,NULL,NULL),(96,NULL,200,700,NULL,NULL,NULL,NULL),(98,NULL,NULL,NULL,NULL,NULL,NULL,NULL),(99,NULL,500,700,NULL,NULL,NULL,NULL),(100,NULL,0,0,NULL,NULL,NULL,NULL),(101,NULL,995,805,NULL,NULL,NULL,NULL),(102,NULL,0,0,NULL,NULL,NULL,NULL),(103,NULL,500,700,NULL,NULL,NULL,NULL),(105,'Link',0,0,NULL,NULL,NULL,NULL),(106,'Status',0,0,NULL,NULL,NULL,NULL),(107,'Description',200,700,NULL,NULL,NULL,NULL),(108,'Diagram',410,700,NULL,NULL,NULL,NULL),(110,'Link',0,0,NULL,NULL,NULL,NULL),(111,'Status',0,0,NULL,NULL,NULL,NULL),(112,'Description',200,700,NULL,NULL,NULL,NULL),(113,'Diagram',985,700,NULL,NULL,NULL,NULL),(115,'Link',0,0,NULL,NULL,NULL,NULL),(116,'Status',0,0,NULL,NULL,NULL,NULL),(117,'Description',200,700,NULL,NULL,NULL,NULL),(118,'Diagram',320,700,NULL,NULL,NULL,NULL),(120,'Link',0,0,NULL,NULL,NULL,NULL),(121,'Status',0,0,NULL,NULL,NULL,NULL),(122,'Description',200,700,NULL,NULL,NULL,NULL),(123,'Diagram',500,700,NULL,NULL,NULL,NULL),(125,'Link',0,0,NULL,NULL,NULL,NULL),(126,'Status',0,0,NULL,NULL,NULL,NULL),(127,'Description',200,700,NULL,NULL,NULL,NULL),(128,'Diagram',500,700,NULL,NULL,NULL,NULL),(129,NULL,152,700,NULL,NULL,NULL,NULL),(130,NULL,200,700,NULL,NULL,NULL,NULL),(132,'Link',0,0,NULL,NULL,NULL,NULL),(133,'Status',0,0,NULL,NULL,NULL,NULL),(134,'Description',200,700,NULL,NULL,NULL,NULL),(135,'Diagram',500,700,NULL,NULL,NULL,NULL),(137,'Link',0,0,NULL,NULL,NULL,NULL),(138,'Status',0,0,NULL,NULL,NULL,NULL),(139,'Description',200,700,NULL,NULL,NULL,NULL),(140,'Diagram',500,700,NULL,NULL,NULL,NULL),(142,'Link',0,0,NULL,NULL,NULL,NULL),(143,'Status',0,0,NULL,NULL,NULL,NULL),(144,'Description',200,700,NULL,NULL,NULL,NULL),(145,'Diagram',500,700,NULL,NULL,NULL,NULL),(147,NULL,500,790,NULL,NULL,NULL,NULL),(150,'Link',0,0,NULL,NULL,NULL,NULL),(151,'Status',0,0,NULL,NULL,NULL,NULL),(152,'Description',200,700,NULL,NULL,NULL,NULL),(153,'Diagram',500,700,NULL,NULL,NULL,NULL),(154,NULL,200,700,NULL,NULL,NULL,NULL),(156,'Link',0,0,NULL,NULL,NULL,NULL),(157,'Status',0,0,NULL,NULL,1251285275619,'saiki'),(158,'Description',200,700,NULL,NULL,NULL,NULL),(159,'Diagram',500,700,NULL,NULL,NULL,NULL),(161,'Link',0,0,NULL,NULL,NULL,NULL),(162,'Status',0,0,NULL,NULL,NULL,NULL),(163,'Description',200,700,NULL,NULL,NULL,NULL),(164,'Diagram',575,745,NULL,NULL,NULL,NULL),(166,'Link',0,0,NULL,NULL,NULL,NULL),(167,'Status',0,0,NULL,NULL,NULL,NULL),(168,'Description',200,700,NULL,NULL,NULL,NULL),(169,'Diagram',500,700,NULL,NULL,NULL,NULL),(171,'Link',0,0,NULL,NULL,NULL,NULL),(172,'Status',0,0,NULL,NULL,NULL,NULL),(173,'Description',200,700,NULL,NULL,NULL,NULL),(174,'Diagram',500,700,NULL,NULL,NULL,NULL),(176,'Link',0,0,NULL,NULL,NULL,NULL),(177,'Status',0,0,NULL,NULL,NULL,NULL),(178,'Description',200,700,NULL,NULL,NULL,NULL),(179,'Diagram',500,700,NULL,NULL,NULL,NULL),(181,'Link',0,0,NULL,NULL,NULL,NULL),(182,'Status',0,0,NULL,NULL,NULL,NULL),(183,'Description',200,700,NULL,NULL,NULL,NULL),(184,'Diagram',500,700,NULL,NULL,NULL,NULL),(186,'Link',0,0,NULL,NULL,NULL,NULL),(187,'Status',0,0,NULL,NULL,NULL,NULL),(188,'Description',200,700,NULL,NULL,NULL,NULL),(189,'Diagram',500,700,NULL,NULL,NULL,NULL),(196,'Link',0,0,NULL,NULL,NULL,NULL),(197,'Status',0,0,NULL,NULL,NULL,NULL),(198,'Description',200,700,NULL,NULL,NULL,NULL),(199,'Diagram',500,700,NULL,NULL,NULL,NULL),(200,'Link',0,0,NULL,NULL,NULL,NULL),(201,'Status',0,0,NULL,NULL,NULL,NULL),(202,'Description',200,700,NULL,NULL,NULL,NULL),(203,'Diagram',500,700,NULL,NULL,NULL,NULL),(204,NULL,170,700,NULL,NULL,NULL,NULL),(205,'Link',0,0,NULL,NULL,NULL,NULL),(206,'Status',0,0,NULL,NULL,NULL,NULL),(207,'Description',200,700,NULL,NULL,NULL,NULL),(208,'Diagram',245,700,NULL,NULL,NULL,NULL),(209,'Link',0,0,NULL,NULL,NULL,NULL),(210,'Status',0,0,NULL,NULL,NULL,NULL),(211,'Description',200,700,NULL,NULL,NULL,NULL),(212,'Diagram',500,700,NULL,NULL,NULL,NULL),(213,'Link',0,0,NULL,NULL,NULL,NULL),(214,'Status',0,0,NULL,NULL,NULL,NULL),(215,'Description',200,700,NULL,NULL,NULL,NULL),(216,'Diagram',500,700,NULL,NULL,NULL,NULL),(217,'Link',0,0,NULL,NULL,NULL,NULL),(218,'Status',0,0,NULL,NULL,NULL,NULL),(219,'Description',200,700,NULL,NULL,NULL,NULL),(220,'Diagram',500,700,NULL,NULL,NULL,NULL),(221,'Link',0,0,NULL,NULL,NULL,NULL),(222,'Status',0,0,NULL,NULL,NULL,NULL),(223,'Description',200,700,NULL,NULL,NULL,NULL),(224,'Diagram',500,700,NULL,NULL,NULL,NULL),(225,'Link',0,0,NULL,NULL,NULL,NULL),(226,'Status',0,0,NULL,NULL,NULL,NULL),(227,'Description',200,700,NULL,NULL,NULL,NULL),(228,'Diagram',500,700,NULL,NULL,NULL,NULL),(229,'Link',0,0,NULL,NULL,NULL,NULL),(230,'Status',0,0,NULL,NULL,NULL,NULL),(231,'Description',200,700,NULL,NULL,NULL,NULL),(232,'Diagram',500,700,NULL,NULL,NULL,NULL),(233,'Link',0,0,NULL,NULL,NULL,NULL),(234,'Status',0,0,NULL,NULL,NULL,NULL),(235,'Description',200,700,NULL,NULL,NULL,NULL),(236,'Diagram',320,700,NULL,NULL,NULL,NULL),(237,'Link',0,0,NULL,NULL,NULL,NULL),(238,'Status',0,0,NULL,NULL,NULL,NULL),(239,'Description',200,700,NULL,NULL,NULL,NULL),(240,'Diagram',500,700,NULL,NULL,NULL,NULL),(241,'Link',0,0,NULL,NULL,NULL,NULL),(242,'Status',0,0,NULL,NULL,NULL,NULL),(243,'Description',200,700,NULL,NULL,NULL,NULL),(244,'Diagram',500,700,NULL,NULL,NULL,NULL),(245,'Link',0,0,NULL,NULL,NULL,NULL),(246,'Status',0,0,NULL,NULL,NULL,NULL),(247,'Description',200,700,NULL,NULL,NULL,NULL),(248,'Diagram',500,700,NULL,NULL,NULL,NULL),(249,'Link',0,0,NULL,NULL,NULL,NULL),(250,'Status',0,0,NULL,NULL,NULL,NULL),(251,'Description',200,700,NULL,NULL,NULL,NULL),(252,'Diagram',500,700,NULL,NULL,NULL,NULL),(253,NULL,500,700,NULL,NULL,NULL,NULL),(254,NULL,500,700,NULL,NULL,NULL,NULL),(255,'Link',NULL,NULL,NULL,NULL,NULL,NULL),(256,'Status',NULL,NULL,NULL,NULL,NULL,NULL),(257,'Description',NULL,NULL,NULL,NULL,NULL,NULL),(258,'Diagram',NULL,NULL,NULL,NULL,NULL,NULL),(259,NULL,NULL,NULL,NULL,NULL,NULL,NULL),(264,NULL,500,700,NULL,NULL,NULL,NULL),(265,NULL,200,700,NULL,NULL,NULL,NULL),(266,NULL,500,700,NULL,NULL,NULL,NULL),(267,NULL,500,700,NULL,NULL,NULL,NULL),(268,NULL,500,700,NULL,NULL,NULL,NULL),(269,'Link',0,0,NULL,NULL,NULL,NULL),(270,'Status',0,0,NULL,NULL,NULL,NULL),(271,'Description',200,700,NULL,NULL,NULL,NULL),(272,'Diagram',500,700,NULL,NULL,NULL,NULL),(273,NULL,500,700,NULL,NULL,NULL,NULL),(274,NULL,500,700,NULL,NULL,NULL,NULL),(275,'Link',0,0,NULL,NULL,NULL,NULL),(276,'Status',0,0,NULL,NULL,NULL,NULL),(277,'Description',200,700,NULL,NULL,NULL,NULL),(278,'Diagram',200,700,NULL,NULL,NULL,NULL),(280,NULL,335,700,NULL,NULL,NULL,NULL),(281,NULL,500,730,NULL,NULL,NULL,NULL),(282,NULL,500,700,NULL,NULL,NULL,NULL),(285,NULL,500,700,NULL,NULL,NULL,NULL),(287,NULL,500,700,NULL,NULL,1250878502933,'saiki'),(288,'Link',0,0,NULL,NULL,NULL,NULL),(289,'Status',0,0,NULL,NULL,NULL,NULL),(290,'Description',200,700,NULL,NULL,NULL,NULL),(291,'Diagram',500,700,NULL,NULL,NULL,NULL),(292,NULL,500,700,NULL,NULL,NULL,NULL),(293,NULL,500,700,NULL,NULL,NULL,NULL),(294,'Link',0,0,NULL,NULL,NULL,NULL),(295,'Status',0,0,NULL,NULL,NULL,NULL),(296,'Description',200,700,NULL,NULL,NULL,NULL),(297,'Diagram',350,730,NULL,NULL,NULL,NULL),(302,NULL,500,700,NULL,NULL,1250878548060,'saiki'),(303,'Link',0,0,NULL,NULL,NULL,NULL),(304,'Status',0,0,NULL,NULL,NULL,NULL),(305,'Description',200,700,NULL,NULL,1250888718326,'saiki'),(306,'Diagram',680,925,NULL,NULL,1250886894609,'saiki'),(307,NULL,500,700,NULL,NULL,1250888042656,'saiki'),(308,NULL,500,700,NULL,NULL,1250888902539,'saiki'),(309,NULL,200,700,NULL,NULL,1250888790599,'saiki'),(310,'Link',0,0,NULL,NULL,NULL,NULL),(311,'Status',0,0,NULL,NULL,NULL,NULL),(312,'Description',200,700,NULL,NULL,1250918155258,'saiki'),(313,'Diagram',500,700,NULL,NULL,NULL,NULL),(314,'Link',0,0,NULL,NULL,NULL,NULL),(315,'Status',0,0,NULL,NULL,NULL,NULL),(316,'Description',200,700,NULL,NULL,1250916624225,'saiki'),(317,'Diagram',500,700,NULL,NULL,1251043822817,'saiki'),(319,'Link',0,0,NULL,NULL,NULL,NULL),(320,'Status',0,0,NULL,NULL,NULL,NULL),(321,'Description',200,700,NULL,NULL,1250918514293,'saiki'),(322,'Diagram',500,760,NULL,NULL,1250920095459,'saiki'),(323,NULL,365,700,NULL,NULL,1250932688530,'saiki'),(324,NULL,200,700,NULL,NULL,1250932680296,'saiki'),(325,NULL,605,700,NULL,NULL,1251142615118,'saiki'),(326,NULL,200,700,NULL,NULL,1251064188223,'saiki'),(327,'Link',0,0,NULL,NULL,NULL,NULL),(328,'Status',0,0,NULL,NULL,NULL,NULL),(329,'Description',200,700,NULL,NULL,1251064023162,'saiki'),(330,'Diagram',500,700,NULL,NULL,NULL,NULL),(331,'Link',0,0,NULL,NULL,NULL,NULL),(332,'Status',0,0,NULL,NULL,1251271643059,'saiki'),(333,'Description',200,700,NULL,NULL,NULL,NULL),(334,'Diagram',500,700,NULL,NULL,NULL,NULL),(335,'Link',0,0,NULL,NULL,NULL,NULL),(336,'Status',0,0,NULL,NULL,NULL,NULL),(337,'Description',200,700,NULL,NULL,NULL,NULL),(338,'Diagram',500,700,NULL,NULL,NULL,NULL),(343,'Link',0,0,NULL,NULL,NULL,NULL),(344,'Status',0,0,NULL,NULL,NULL,NULL),(345,'Description',200,700,NULL,NULL,1251288024899,'saiki'),(346,'Diagram',500,700,NULL,NULL,NULL,NULL),(347,'Link',0,0,NULL,NULL,NULL,NULL),(348,'Status',0,0,NULL,NULL,NULL,NULL),(349,'Description',200,700,NULL,NULL,1251290793775,'saiki'),(350,'Diagram',500,700,NULL,NULL,NULL,NULL);
/*!40000 ALTER TABLE `content` ENABLE KEYS */;
UNLOCK TABLES;

--
-- Table structure for table `content_property`
--

DROP TABLE IF EXISTS `content_property`;
CREATE TABLE `content_property` (
  `id` bigint(20) NOT NULL auto_increment,
  `name` varchar(255) default NULL,
  `type` varchar(255) default NULL,
  `value` varchar(255) default NULL,
  PRIMARY KEY  (`id`)
) ENGINE=InnoDB AUTO_INCREMENT=201 DEFAULT CHARSET=utf8;

--
-- Dumping data for table `content_property`
--

LOCK TABLES `content_property` WRITE;
/*!40000 ALTER TABLE `content_property` DISABLE KEYS */;
INSERT INTO `content_property` VALUES (2,NULL,'Boolean','true'),(3,NULL,'Boolean','true'),(4,NULL,'Boolean','true'),(6,NULL,'Boolean','true'),(7,NULL,'Boolean','true'),(8,NULL,'Boolean','true'),(10,NULL,'Boolean','true'),(11,NULL,'Boolean','true'),(12,NULL,'Boolean','true'),(14,NULL,'Boolean','true'),(15,NULL,'Boolean','true'),(16,NULL,'Boolean','true'),(18,NULL,'Boolean','true'),(19,NULL,'Boolean','true'),(20,NULL,'Boolean','true'),(22,NULL,'Boolean','true'),(23,NULL,'Boolean','true'),(24,NULL,'Boolean','true'),(26,NULL,'Boolean','true'),(27,NULL,'Boolean','true'),(28,NULL,'Boolean','true'),(30,NULL,'Boolean','true'),(31,NULL,'Boolean','true'),(32,NULL,'Boolean','true'),(34,NULL,'Boolean','true'),(35,NULL,'Boolean','true'),(36,NULL,'Boolean','true'),(38,NULL,'Boolean','true'),(39,NULL,'Boolean','true'),(40,NULL,'Boolean','true'),(42,NULL,'Boolean','true'),(43,NULL,'Boolean','true'),(44,NULL,'Boolean','true'),(45,NULL,'Boolean','true'),(47,NULL,'Boolean','true'),(48,NULL,'Boolean','true'),(49,NULL,'Boolean','true'),(50,NULL,'Boolean','true'),(52,NULL,'Boolean','true'),(53,NULL,'Boolean','true'),(54,NULL,'Boolean','true'),(55,NULL,'Boolean','true'),(57,NULL,'Boolean','true'),(58,NULL,'Boolean','true'),(59,NULL,'Boolean','true'),(60,NULL,'Boolean','true'),(62,NULL,'Boolean','true'),(63,NULL,'Boolean','true'),(64,NULL,'Boolean','true'),(65,NULL,'Boolean','true'),(67,NULL,'Boolean','true'),(68,NULL,'Boolean','true'),(69,NULL,'Boolean','true'),(70,NULL,'Boolean','true'),(77,NULL,'Boolean','true'),(78,NULL,'Boolean','true'),(79,NULL,'Boolean','true'),(80,NULL,'Boolean','true'),(81,NULL,'Boolean','true'),(82,NULL,'Boolean','true'),(83,NULL,'Boolean','true'),(84,NULL,'Boolean','true'),(85,NULL,'Boolean','true'),(86,NULL,'Boolean','true'),(87,NULL,'Boolean','true'),(88,NULL,'Boolean','true'),(89,NULL,'Boolean','true'),(90,NULL,'Boolean','true'),(91,NULL,'Boolean','true'),(92,NULL,'Boolean','true'),(93,NULL,'Boolean','true'),(94,NULL,'Boolean','true'),(95,NULL,'Boolean','true'),(96,NULL,'Boolean','true'),(97,NULL,'Boolean','true'),(98,NULL,'Boolean','true'),(99,NULL,'Boolean','true'),(100,NULL,'Boolean','true'),(101,NULL,'Boolean','true'),(102,NULL,'Boolean','true'),(103,NULL,'Boolean','true'),(104,NULL,'Boolean','true'),(105,NULL,'Boolean','true'),(106,NULL,'Boolean','true'),(107,NULL,'Boolean','true'),(108,NULL,'Boolean','true'),(109,NULL,'Boolean','true'),(110,NULL,'Boolean','true'),(111,NULL,'Boolean','true'),(112,NULL,'Boolean','true'),(113,NULL,'Boolean','true'),(114,NULL,'Boolean','true'),(115,NULL,'Boolean','true'),(116,NULL,'Boolean','true'),(117,NULL,'Boolean','true'),(118,NULL,'Boolean','true'),(119,NULL,'Boolean','true'),(120,NULL,'Boolean','true'),(121,NULL,'Boolean','true'),(122,NULL,'Boolean','true'),(123,NULL,'Boolean','true'),(124,NULL,'Boolean','true'),(125,NULL,'Boolean','true'),(126,NULL,'Boolean','true'),(127,NULL,'Boolean','true'),(128,NULL,'Boolean','true'),(129,NULL,'Boolean','true'),(130,NULL,'Boolean','true'),(131,NULL,'Boolean','true'),(132,NULL,'Boolean','true'),(133,NULL,'Boolean','true'),(134,NULL,'Boolean','true'),(135,NULL,'Boolean','true'),(136,NULL,'Boolean','true'),(137,NULL,'Boolean','true'),(138,NULL,'Boolean','true'),(139,NULL,'Boolean','true'),(140,NULL,'Boolean','true'),(141,NULL,'Boolean','true'),(142,NULL,'Boolean','true'),(143,NULL,'Boolean','true'),(144,NULL,'Boolean','true'),(145,NULL,'Boolean','true'),(146,NULL,'Boolean','true'),(147,NULL,'Boolean','true'),(148,NULL,'Boolean','true'),(149,NULL,'Boolean','true'),(150,NULL,'Boolean','true'),(151,NULL,'Boolean','true'),(152,NULL,'Boolean','true'),(153,NULL,'Boolean','true'),(154,NULL,'Boolean','true'),(155,NULL,'Boolean','true'),(156,NULL,'Boolean','true'),(157,NULL,'Boolean','true'),(158,NULL,'Boolean','true'),(159,NULL,'Boolean','true'),(160,NULL,'Boolean','true'),(161,NULL,'Boolean','true'),(162,NULL,'Boolean','true'),(163,NULL,'Boolean','true'),(164,NULL,'Boolean','true'),(165,NULL,'Boolean','true'),(166,NULL,'Boolean','true'),(167,NULL,'Boolean','true'),(168,NULL,'Boolean','true'),(169,NULL,'Boolean','true'),(170,NULL,'Boolean','true'),(171,NULL,'Boolean','true'),(172,NULL,'Boolean','true'),(173,NULL,'Boolean','true'),(174,NULL,'Boolean','true'),(175,NULL,'Boolean','true'),(176,NULL,'Boolean','true'),(177,NULL,'Boolean','true'),(178,NULL,'Boolean','true'),(179,NULL,'Boolean','true'),(180,NULL,'Boolean','true'),(181,NULL,'Boolean','true'),(182,NULL,'Boolean','true'),(183,NULL,'Boolean','true'),(184,NULL,'Boolean','true'),(185,NULL,'Boolean','true'),(186,NULL,'Boolean','true'),(187,NULL,'Boolean','true'),(188,NULL,'Boolean','true'),(189,NULL,'Boolean','true'),(190,NULL,'Boolean','true'),(191,NULL,'Boolean','true'),(192,NULL,'Boolean','true'),(193,NULL,'Boolean','true'),(194,NULL,'Boolean','true'),(195,NULL,'Boolean','true'),(196,NULL,'Boolean','true'),(197,NULL,'Boolean','true'),(198,NULL,'Boolean','true'),(199,NULL,'Boolean','true'),(200,NULL,'Boolean','true');
/*!40000 ALTER TABLE `content_property` ENABLE KEYS */;
UNLOCK TABLES;

--
-- Table structure for table `content_property_mappings`
--

DROP TABLE IF EXISTS `content_property_mappings`;
CREATE TABLE `content_property_mappings` (
  `Content_id` bigint(20) NOT NULL,
  `properties_id` bigint(20) NOT NULL,
  `mapkey` varchar(255) NOT NULL,
  PRIMARY KEY  (`Content_id`,`mapkey`),
  UNIQUE KEY `properties_id` (`properties_id`),
  KEY `FKE70F6649A8A453AC` (`Content_id`),
  KEY `FKE70F6649EE578FA7` (`properties_id`)
) ENGINE=InnoDB DEFAULT CHARSET=utf8;

--
-- Dumping data for table `content_property_mappings`
--

LOCK TABLES `content_property_mappings` WRITE;
/*!40000 ALTER TABLE `content_property_mappings` DISABLE KEYS */;
INSERT INTO `content_property_mappings` VALUES (105,2,'nameAsTitle'),(107,3,'nameAsTitle'),(108,4,'nameAsTitle'),(110,6,'nameAsTitle'),(112,7,'nameAsTitle'),(113,8,'nameAsTitle'),(115,10,'nameAsTitle'),(117,11,'nameAsTitle'),(118,12,'nameAsTitle'),(120,14,'nameAsTitle'),(122,15,'nameAsTitle'),(123,16,'nameAsTitle'),(125,18,'nameAsTitle'),(127,19,'nameAsTitle'),(128,20,'nameAsTitle'),(132,22,'nameAsTitle'),(134,23,'nameAsTitle'),(135,24,'nameAsTitle'),(137,26,'nameAsTitle'),(139,27,'nameAsTitle'),(140,28,'nameAsTitle'),(142,30,'nameAsTitle'),(144,31,'nameAsTitle'),(145,32,'nameAsTitle'),(150,34,'nameAsTitle'),(152,35,'nameAsTitle'),(153,36,'nameAsTitle'),(156,38,'nameAsTitle'),(158,39,'nameAsTitle'),(159,40,'nameAsTitle'),(161,42,'nameAsTitle'),(162,43,'nameAsTitle'),(163,44,'nameAsTitle'),(164,45,'nameAsTitle'),(166,47,'nameAsTitle'),(167,48,'nameAsTitle'),(168,49,'nameAsTitle'),(169,50,'nameAsTitle'),(171,52,'nameAsTitle'),(172,53,'nameAsTitle'),(173,54,'nameAsTitle'),(174,55,'nameAsTitle'),(176,57,'nameAsTitle'),(177,58,'nameAsTitle'),(178,59,'nameAsTitle'),(179,60,'nameAsTitle'),(181,62,'nameAsTitle'),(182,63,'nameAsTitle'),(183,64,'nameAsTitle'),(184,65,'nameAsTitle'),(186,67,'nameAsTitle'),(187,68,'nameAsTitle'),(188,69,'nameAsTitle'),(189,70,'nameAsTitle'),(196,77,'nameAsTitle'),(197,78,'nameAsTitle'),(198,79,'nameAsTitle'),(199,80,'nameAsTitle'),(200,81,'nameAsTitle'),(201,82,'nameAsTitle'),(202,83,'nameAsTitle'),(203,84,'nameAsTitle'),(205,85,'nameAsTitle'),(206,86,'nameAsTitle'),(207,87,'nameAsTitle'),(208,88,'nameAsTitle'),(209,89,'nameAsTitle'),(210,90,'nameAsTitle'),(211,91,'nameAsTitle'),(212,92,'nameAsTitle'),(213,93,'nameAsTitle'),(214,94,'nameAsTitle'),(215,95,'nameAsTitle'),(216,96,'nameAsTitle'),(217,97,'nameAsTitle'),(218,98,'nameAsTitle'),(219,99,'nameAsTitle'),(220,100,'nameAsTitle'),(221,101,'nameAsTitle'),(222,102,'nameAsTitle'),(223,103,'nameAsTitle'),(224,104,'nameAsTitle'),(225,105,'nameAsTitle'),(226,106,'nameAsTitle'),(227,107,'nameAsTitle'),(228,108,'nameAsTitle'),(229,109,'nameAsTitle'),(230,110,'nameAsTitle'),(231,111,'nameAsTitle'),(232,112,'nameAsTitle'),(233,113,'nameAsTitle'),(234,114,'nameAsTitle'),(235,115,'nameAsTitle'),(236,116,'nameAsTitle'),(237,117,'nameAsTitle'),(238,118,'nameAsTitle'),(239,119,'nameAsTitle'),(240,120,'nameAsTitle'),(241,121,'nameAsTitle'),(242,122,'nameAsTitle'),(243,123,'nameAsTitle'),(244,124,'nameAsTitle'),(245,125,'nameAsTitle'),(246,126,'nameAsTitle'),(247,127,'nameAsTitle'),(248,128,'nameAsTitle'),(249,129,'nameAsTitle'),(250,130,'nameAsTitle'),(251,131,'nameAsTitle'),(252,132,'nameAsTitle'),(255,133,'nameAsTitle'),(256,134,'nameAsTitle'),(257,135,'nameAsTitle'),(258,136,'nameAsTitle'),(269,141,'nameAsTitle'),(270,142,'nameAsTitle'),(271,143,'nameAsTitle'),(272,144,'nameAsTitle'),(275,145,'nameAsTitle'),(276,146,'nameAsTitle'),(277,147,'nameAsTitle'),(278,148,'nameAsTitle'),(288,149,'nameAsTitle'),(289,150,'nameAsTitle'),(290,151,'nameAsTitle'),(291,152,'nameAsTitle'),(294,153,'nameAsTitle'),(295,154,'nameAsTitle'),(296,155,'nameAsTitle'),(297,156,'nameAsTitle'),(303,161,'nameAsTitle'),(304,162,'nameAsTitle'),(305,163,'nameAsTitle'),(306,164,'nameAsTitle'),(310,165,'nameAsTitle'),(311,166,'nameAsTitle'),(312,167,'nameAsTitle'),(313,168,'nameAsTitle'),(314,169,'nameAsTitle'),(315,170,'nameAsTitle'),(316,171,'nameAsTitle'),(317,172,'nameAsTitle'),(319,173,'nameAsTitle'),(320,174,'nameAsTitle'),(321,175,'nameAsTitle'),(322,176,'nameAsTitle'),(327,177,'nameAsTitle'),(328,178,'nameAsTitle'),(329,179,'nameAsTitle'),(330,180,'nameAsTitle'),(331,181,'nameAsTitle'),(332,182,'nameAsTitle'),(333,183,'nameAsTitle'),(334,184,'nameAsTitle'),(335,185,'nameAsTitle'),(336,186,'nameAsTitle'),(337,187,'nameAsTitle'),(338,188,'nameAsTitle'),(343,193,'nameAsTitle'),(344,194,'nameAsTitle'),(345,195,'nameAsTitle'),(346,196,'nameAsTitle'),(347,197,'nameAsTitle'),(348,198,'nameAsTitle'),(349,199,'nameAsTitle'),(350,200,'nameAsTitle');
/*!40000 ALTER TABLE `content_property_mappings` ENABLE KEYS */;
UNLOCK TABLES;

--
-- Table structure for table `diagram_content`
--

DROP TABLE IF EXISTS `diagram_content`;
CREATE TABLE `diagram_content` (
  `id` bigint(20) NOT NULL,
  PRIMARY KEY  (`id`),
  KEY `FK726D244698DFA226` (`id`),
  KEY `FKF9E1C90D98DFA226` (`id`),
  CONSTRAINT `FKF9E1C90D98DFA226` FOREIGN KEY (`id`) REFERENCES `content` (`id`)
) ENGINE=InnoDB DEFAULT CHARSET=utf8;

--
-- Dumping data for table `diagram_content`
--

LOCK TABLES `diagram_content` WRITE;
/*!40000 ALTER TABLE `diagram_content` DISABLE KEYS */;
INSERT INTO `diagram_content` VALUES (1),(5),(7),(8),(9),(12),(16),(20),(46),(47),(52),(55),(59),(62),(64),(68),(69),(71),(75),(78),(81),(83),(85),(86),(87),(88),(94),(95),(96),(99),(101),(103),(108),(113),(118),(123),(128),(129),(135),(140),(145),(147),(153),(159),(164),(169),(174),(179),(184),(189),(199),(203),(204),(208),(212),(216),(220),(224),(228),(232),(236),(240),(244),(248),(252),(253),(254),(258),(259),(264),(266),(267),(268),(272),(273),(274),(278),(280),(281),(282),(285),(287),(291),(292),(293),(297),(302),(306),(307),(308),(313),(317),(322),(323),(325),(330),(334),(338),(346),(350);
/*!40000 ALTER TABLE `diagram_content` ENABLE KEYS */;
UNLOCK TABLES;

--
-- Table structure for table `diagram_item`
--

DROP TABLE IF EXISTS `diagram_item`;
CREATE TABLE `diagram_item` (
  `ID` bigint(20) NOT NULL auto_increment,
  `text` text,
  `CONTENT_ID` bigint(20) default NULL,
  `shape` text,
  `type` text NOT NULL,
  PRIMARY KEY  (`ID`),
  KEY `FKF295666610024DF5` (`CONTENT_ID`),
  KEY `FK577D4EFF10024DF5` (`CONTENT_ID`),
  CONSTRAINT `FK577D4EFF10024DF5` FOREIGN KEY (`CONTENT_ID`) REFERENCES `diagram_content` (`id`)
) ENGINE=InnoDB AUTO_INCREMENT=1054 DEFAULT CHARSET=utf8;

--
-- Dumping data for table `diagram_item`
--

LOCK TABLES `diagram_item` WRITE;
/*!40000 ALTER TABLE `diagram_item` DISABLE KEYS */;
INSERT INTO `diagram_item` VALUES (1,'[[wiki(4,sd-domain)]]',1,'575,25,100,250','classitem'),(2,'[[wiki(3,sd-app-frame)]]',1,'50,145,260,35','classitem'),(3,'sd-app',1,'50,25,520,35','classitem'),(4,'sd-app-plugins',1,'315,65,255,35','classitem'),(5,'sd-server',1,'50,200,520,75','classitem'),(6,'--',1,'30,190,680,190','relationship'),(7,'sd-plugin',1,'50,105,520,35','classitem'),(8,'sd-editor',1,'50,65,260,35','classitem'),(9,'sd-plugin-manager',1,'315,145,255,35','classitem'),(19,'Content',7,'290,125,100,30','classitem'),(20,'RectContent',7,'350,220,100,30','classitem'),(21,'-|>',7,'270,220,335,155','relationship'),(22,'TextContent',7,'220,220,100,30','classitem'),(23,'->',7,'335,75,335,125','relationship'),(24,'-|>',7,'395,220,355,155','relationship'),(25,'Page',7,'290,45,100,30','classitem'),(26,'Project',5,'105,60,100,50','classitem'),(27,'dashboard\n-->',5,'205,85,365,85','relationship'),(28,'Page',5,'365,60,100,50','classitem'),(29,'ActivationObserver',8,'260,30,165,35','classitem'),(30,'<<interface>>\nIPage',9,'335,40,100,50','classitem'),(31,'<<interface>>\nIProject',9,'35,40,100,50','classitem'),(32,'<<interface>>\nIModeContent',9,'330,315,140,50','classitem'),(33,'<<interface>>\nIXContent',9,'510,315,140,50','classitem'),(34,'<<interface>>\nITextContent',9,'150,315,140,50','classitem'),(35,'-|>',9,'575,315,415,220','relationship'),(36,'-|>',9,'215,315,385,220','relationship'),(37,'-|>',9,'395,315,395,220','relationship'),(38,'<<interface>>\nIContent',9,'335,170,100,50','classitem'),(40,'<>->*',9,'385,90,385,170','relationship'),(41,'RootController',8,'260,155,165,35','classitem'),(42,'IContributor',8,'510,155,165,35','classitem'),(43,'View',8,'250,280,165,35','classitem'),(44,'IController',8,'15,155,165,35','classitem'),(45,'-|>',8,'345,155,345,65','relationship'),(46,'->',8,'260,170,180,170','relationship'),(47,'->',8,'425,170,510,170','relationship'),(48,'->',8,'340,190,340,280','relationship'),(49,'[[wiki(4,sd-domain)]]',12,'575,25,100,250','classitem'),(50,'sd-server',12,'50,200,520,75','classitem'),(51,'sd-editor',12,'50,65,115,35','classitem'),(52,'sd-app',12,'50,25,520,35','classitem'),(53,'sd-plugin',12,'50,105,520,35','classitem'),(54,'[[wiki(3,sd-app-frame)]]',12,'50,145,260,35','classitem'),(55,'sd-app-plugins',12,'170,65,400,35','classitem'),(56,'sd-plugin-manager',12,'315,145,255,35','classitem'),(57,'--',12,'30,190,680,190','relationship'),(60,'update(pageDTO)\n->',16,'70,80,200,80','relationship'),(61,'merge(pageDTO)\n->',16,'200,125,330,125','relationship'),(65,'pageService',16,'450 150,15,100,30','sequenceitem'),(68,'hibernate4gwt',16,'435 280,15,100,30','sequenceitem'),(72,'database',16,'415 530,15,100,30','sequenceitem'),(73,'pageDAO',16,'415 410,15,100,30','sequenceitem'),(74,'page\n-->',16,'330,180,200,180','relationship'),(75,'client',16,'435 20,15,100,30','sequenceitem'),(76,'page\n-->',16,'460,355,330,355','relationship'),(77,'clone\n->',16,'200,395,330,395','relationship'),(78,'update(page)\n->',16,'460,275,580,275','relationship'),(79,'page\n-->',16,'580,320,460,320','relationship'),(80,'pageDTO\n-->',16,'200,460,70,460','relationship'),(81,'pageDTO\n-->',16,'330,430,200,430','relationship'),(82,'update(page)\n->',16,'200,235,460,235','relationship'),(87,'-',20,'180,160,120,160','relationship'),(88,'composite\n-',20,'120,160,120,205','relationship'),(89,'->',20,'120,205,180,205','relationship'),(90,'SimpleC',20,'180,150,100,75','classitem'),(91,'dashboard\n<>->',9,'135,60,335,60','relationship'),(92,'<<interface>>\nIModeElement',9,'330,435,140,50','classitem'),(93,'subpages\n<>->*',9,'435,50,495,50,495,75,435,75','relationship'),(94,'<>->*',9,'395,365,395,435','relationship'),(153,'MyClass\n--\naewf()\nbg()\nbgffg()\n\n',7,'45,180,140,85','classitem'),(154,'<<interface>>\nClassName\n--\nmethod()\nanother_onw()\nplugasin()\n--\nhoberos',7,'45,305,195,125','classitem'),(155,'SimpleClass\n',7,'140,50,100,30','classitem'),(156,'SimpleClass\n',7,'125,125,100,30','classitem'),(157,'School\n--\ngetName()\ngetAddress()',46,'70,65,105,80','classitem'),(158,'->0..n',46,'175,100,320,100','relationship'),(159,'Student',46,'320,85,100,30','classitem'),(165,'message2()\n-->',47,'220,170,350,170','relationship'),(166,'object1',47,'315 40,45,100,25','sequenceitem'),(167,'object3',47,'315 300,45,100,25','sequenceitem'),(168,'message1()\n-->',47,'95,105,225,105','relationship'),(169,'object2',47,'310 170,45,100,25','sequenceitem'),(170,'ProjectPermissions',NULL,'40,220,135,30','classitem'),(171,'UserPermissions',NULL,'220,65,135,30','classitem'),(172,'ProjectPermissions',NULL,'220,140,135,30','classitem'),(173,'Users',NULL,'40,65,140,30','classitem'),(174,'Project',NULL,'40,140,140,30','classitem'),(175,'<<interface>>\nPrimarySchool\n--\nmethod1()\nmethod2()\n--\nattribute1\nattribte2',46,'70,225,110,130','classitem'),(180,'-|>',46,'120,225,120,145','relationship'),(182,'Blue',52,'180,130,190,30','classitem'),(183,'Blue',52,'270,35,100,30','classitem'),(184,'My Software\n',55,'50,30,100,30','classitem'),(185,'Acegi Security',128,'100,65,100,30','classitem'),(186,'Acegi  ACL',128,'320,65,100,30','classitem'),(187,'projectServiceSecurity',128,'60,180,185,30','classitem'),(188,'AclProjectEntryVoter',128,'85,375,150,30','classitem'),(189,'pageServiceSecurity',128,'360,255,185,30','classitem'),(190,'IPageRemote',128,'395,200,100,30','classitem'),(191,'IProjectRemote',128,'100,130,100,30','classitem'),(192,'-|>',128,'195,310,195,270','relationship'),(193,'AclEntryAfterInvocationProvider',128,'80,240,220,30','classitem'),(194,'AclEntryAfterInvocationProjectPublicProvider',128,'45,310,305,35','classitem'),(195,'Acegi  ACL',62,'320,65,100,30','classitem'),(196,'AclProjectEntryVoter',62,'85,375,150,30','classitem'),(197,'AclEntryAfterInvocationProvider',62,'80,240,220,30','classitem'),(198,'-|>',62,'195,310,195,270','relationship'),(199,'projectServiceSecurity',62,'60,180,185,30','classitem'),(200,'pageServiceSecurity',62,'360,255,185,30','classitem'),(201,'AclEntryAfterInvocationProjectPublicProvider',62,'45,310,305,35','classitem'),(202,'Acegi Security',62,'100,65,100,30','classitem'),(203,'IPageRemote',62,'395,200,100,30','classitem'),(204,'IProjectRemote',62,'100,130,100,30','classitem'),(214,'<<interface>>\nClassName\n--\nmethod()\n--\nattribute1\nattribute2\n',68,'240,60,175,115','classitem'),(215,'<<interface>>\r\nClassName1\r\n--\r\nmethod()\r\n--\r\nattrib1\r\nattrib2',69,'50,65,160,110','classitem'),(216,'method1()\n-->',69,'225,325,500,325','relationship'),(217,'Sequence',69,'185 45,240,100,25','sequenceitem'),(218,'Sequence',69,'170 175,240,100,25','sequenceitem'),(219,'method1()\n-->',69,'95,295,225,295','relationship'),(220,'-->0..n',69,'210,120,345,120','relationship'),(221,'<<interface>>\nClassName\n--\nmethod()\n--\nattrib1\nattrib2',69,'345,65,160,110','classitem'),(222,'Sid',69,'165 450,240,100,25','sequenceitem'),(223,'method1()\n-->',69,'225,380,500,380','relationship'),(224,'Ellipse',69,'135,365,110,45','ellipseitem'),(229,'SketchTitleContent',118,'290,270,130,30','classitem'),(230,'Sketch',118,'60,35,100,30','classitem'),(231,'-|>',118,'350,270,350,200','relationship'),(232,'Content',118,'320,170,100,30','classitem'),(233,'PropertyContent\n--\nname\ncontent',118,'40,155,150,65','classitem'),(234,'-|>',118,'490,270,370,200','relationship'),(235,'1->*',118,'110,65,110,155','relationship'),(236,'-|>',118,'630,270,395,200','relationship'),(237,'TextContent',118,'425,270,130,30','classitem'),(239,'ModelContent',118,'560,270,130,30','classitem'),(241,'1-1',118,'190,185,320,185','relationship'),(242,'Hoka',68,'55,100,100,30','classitem'),(243,'-->',68,'155,115,240,115','relationship'),(244,'TextLineContent',118,'155,270,130,30','classitem'),(245,'-|>',118,'225,270,335,200','relationship'),(259,'-|>',118,'85,270,320,195','relationship'),(260,'LinkContent',118,'20,270,130,30','classitem'),(279,'AclSketchContentEntryVoter',118,'280,95,205,30','classitem'),(280,'Project',118,'315,35,100,30','classitem'),(281,'-->',118,'370,125,370,170','relationship'),(282,'1-*',118,'315,50,160,50','relationship'),(283,'-->',118,'370,95,370,65','relationship'),(284,'SurfaceHandler\n--\nsinkEvents',75,'105,110,155,60','classitem'),(285,'-->',75,'260,140,385,140','relationship'),(286,'MouseDiagramHandlerManager',75,'385,125,205,30','classitem'),(293,'method1()\n-->',69,'225,420,500,420','relationship'),(294,'m2\n->',78,'330,200,460,200','relationship'),(295,'object4',78,'325 410,20,100,25','sequenceitem'),(296,'object2',78,'325 150,20,100,25','sequenceitem'),(297,'m1()\n->',78,'200,140,330,140','relationship'),(298,'m1()\n->',78,'70,90,200,90','relationship'),(299,'object1',78,'325 20,20,100,25','sequenceitem'),(300,'object3',78,'325 280,20,100,25','sequenceitem'),(301,'-->',78,'460,245,330,245','relationship'),(302,'-->',78,'330,280,200,280','relationship'),(303,'-->',78,'200,320,70,320','relationship'),(304,'-|>',81,'215,130,215,70','relationship'),(305,'AbstractDiagramItem',81,'145,130,140,30','classitem'),(306,'ClassElement2\n--\nonResizeArea',81,'210,250,130,65','classitem'),(307,'Diagram',81,'165,40,100,30','classitem'),(308,'-|>',81,'260,250,215,160','relationship'),(309,'IEventHandler',81,'305,130,140,30','classitem'),(310,'-|>',81,'280,250,375,160','relationship'),(311,'MouseDiagramResizeHandler',81,'455,40,215,30','classitem'),(312,'resize diagram\n-->',81,'455,55,265,55','relationship'),(313,'Rectangle',81,'445,270,100,30','classitem'),(314,'resizeElement\n-->',81,'340,285,445,285','relationship'),(316,'CometdDemoServlet',83,'55,105,175,30','classitem'),(317,'ContentService',83,'340,105,140,30','classitem'),(318,'-->',83,'230,120,340,120','relationship'),(319,'BayeuxService',83,'55,35,175,30','classitem'),(320,'-|>',83,'145,105,145,65','relationship'),(325,'ApplicationEventPublisherAware\n--\npublishEvent',83,'55,170,245,55','classitem'),(326,'-|>',83,'235,265,405,205','relationship'),(327,'-|>',83,'170,265,170,225','relationship'),(328,'GwtController',83,'330,170,150,35','classitem'),(329,'PageRemoteImpl',83,'55,265,225,35','classitem'),(330,'-|>',83,'410,105,410,70','relationship'),(331,'ApplicationListener',83,'340,35,140,30','classitem'),(334,'IRegistryEventObserver',85,'60,10,175,30','classitem'),(337,'EVENT_CONTENT_UPDATE-|>',85,'145,110,145,40','relationship'),(340,'PageController',85,'60,110,175,30','classitem'),(348,'--',85,'30,175,590,175','relationship'),(349,'1-->1',68,'110,130,110,160,240,160','relationship'),(350,'SimpleClass\n',86,'50,30,120,30','classitem'),(351,'-->0..n',86,'170,35,225,35,225,50,170,50','relationship'),(352,'Sequence',86,'310 175,110,100,25','sequenceitem'),(353,'-->0..n',86,'485,405,355,320','relationship'),(354,'-->0..n',86,'615,370,485,370','relationship'),(355,'-->0..n',86,'485,305,615,305','relationship'),(356,'Sequence',86,'310 305,110,100,25','sequenceitem'),(357,'-->0..n',86,'225,230,355,230','relationship'),(358,'-->0..n',86,'355,265,485,265','relationship'),(359,'-->0..n',86,'95,185,225,185','relationship'),(360,'Sequence',86,'310 45,110,100,25','sequenceitem'),(361,'Sequence',86,'310 565,110,100,25','sequenceitem'),(362,'Sequence',86,'310 435,110,100,25','sequenceitem'),(363,'-|>',87,'140,285,140,205','relationship'),(364,'SimpleClass\n',87,'85,175,100,30','classitem'),(365,'-->0..n',87,'185,180,290,180,290,200,185,200','relationship'),(366,'SimpleClass\n',87,'90,285,100,30','classitem'),(367,'SimpleClass\n',88,'100,30,100,30','classitem'),(368,'-->0..n',88,'150,145,150,60','relationship'),(369,'ExtremelySimpleClass',88,'65,145,175,30','classitem'),(373,'TextContent',123,'335,180,135,30','classitem'),(374,'-|>',123,'400,180,315,110','relationship'),(375,'Content\n--\nname\nwidth\nheight',123,'220,35,155,75','classitem'),(376,'-|>',123,'190,180,290,110','relationship'),(377,'DiagramContent',123,'125,180,135,30','classitem'),(380,'SimpleClass\n',NULL,'250,125,100,30','classitem'),(381,'SimpleClass\n',NULL,'50,30,100,30','classitem'),(382,'SimpleClass\n',NULL,'105,225,100,30','classitem'),(383,'SimpleClass\n',96,'50,30,100,30','classitem'),(385,'SimpleClass\n',96,'50,140,100,30','classitem'),(387,'-|>',96,'80,140,80,60','relationship'),(388,'SimpleClass\n',96,'280,140,100,30','classitem'),(389,'-|>',96,'115,140,115,60','relationship'),(390,'-|>',96,'330,140,330,55','relationship'),(391,'SimpleClass\n',96,'280,25,100,30','classitem'),(392,'label\n1<>->*',88,'200,45,390,45,390,160,240,160','relationship'),(393,'MouseMoveHandler',99,'190,80,175,30','classitem'),(394,'PageController',113,'220,85,100,30','classitem'),(395,'-|>',113,'270,185,270,115','relationship'),(396,'SketchView',113,'545,185,140,30','classitem'),(397,'-|>',113,'615,185,615,115','relationship'),(398,'PageView',113,'565,85,100,30','classitem'),(399,'SketchController',113,'200,185,140,30','classitem'),(402,'<>->',113,'320,100,565,100','relationship'),(404,'ListContent\n--\nitems:comma separated string\nvalue:selected value',113,'115,365,200,65','classitem'),(405,'ModelContent',113,'530,395,140,30','classitem'),(406,'description\n->',113,'285,215,445,395','relationship'),(407,'TextContent',113,'370,395,140,30','classitem'),(409,'state\n->',113,'265,215,265,340,205,365','relationship'),(410,'TextLineContent',113,'20,255,140,30','classitem'),(411,'model\n->',113,'315,215,595,395','relationship'),(412,'title\n->',113,'220,215,90,255','relationship'),(413,'LinkContent',113,'90,305,140,30','classitem'),(414,'link\n->',113,'250,215,160,305','relationship'),(415,'provides predefined\ncontent\n<>->',113,'340,200,545,200','relationship'),(416,'Content\n--\ncreatedTime\nmodifiedTime\nmodifier\ncreator\ndeletable\nreordable\nnamevisibility\nname',113,'505,530,170,145','classitem'),(417,'content items\n<>->*',113,'255,610,505,610','relationship'),(418,'Page\n--\ntype: sketch | doc\ncreatedTime\nmodifiedTime (last)\nmodifier\ncreator\nname\nnameVisible\n',113,'75,535,180,130','classitem'),(419,'page\n-> ',113,'505,565,255,565','relationship'),(420,'-->',113,'200,200,140,200','relationship'),(421,'SketchTemplate',113,'20,185,120,30','classitem'),(422,'sd-editor',113,'90,905,100,30','classitem'),(423,'sd-remote',113,'325,905,100,30','classitem'),(424,'-->',113,'190,920,325,920','relationship'),(425,'Sketch\n--\ntitle:TextLineContent\nlink:LinkContent\nstatus:ListContent\n...\n',113,'80,730,160,100','classitem'),(426,'Content\n--\nlazy:true | false',113,'505,725,170,65','classitem'),(427,'Content\n--\ntext:String\nvalue:String\nwidth\nheight\nname',113,'505,820,175,130','classitem'),(428,'page_properties\n<>->*',113,'160,535,315,460','relationship'),(429,'content_properties\n<>->*',113,'590,530,415,455','relationship'),(430,'Property\n--\nname\ndisplayName\nvalue',113,'315,445,100,80','classitem'),(431,'BackgroundMoveHandler',108,'430,265,165,30','classitem'),(432,'Anewmodel',129,'70,40,100,30','classitem'),(433,'OldClass',129,'280,40,100,30','classitem'),(434,'SubClass',135,'35,130,100,30','classitem'),(435,'-|>',135,'85,130,85,75','relationship'),(436,'MyBase',135,'35,45,100,30','classitem'),(437,'SketchController overridaa\nEDIT_PROPERTIES\nja kynnist sketch-moodissa\npage properties sivun.',140,'270,150,210,75','classitem'),(438,'-|>',140,'125,150,125,85','relationship'),(439,'--',140,'205,185,270,185','relationship'),(440,'SketchController\n--\n@override\ncreateHandlerById',140,'50,150,155,70','classitem'),(441,'PageController',140,'75,55,100,30','classitem'),(442,'<>->*',147,'355,345,355,405','relationship'),(443,'subpages\n<>->*',147,'655,60,715,60,715,85,655,85','relationship'),(444,'IPage',147,'555,50,100,40','classitem'),(445,'IPageOrderedContent',147,'540,180,140,30','classitem'),(446,'IProject',147,'340,55,100,30','classitem'),(447,'IModeContent',147,'300,315,110,30','classitem'),(448,'-|>',147,'365,315,365,210','relationship'),(449,'-|>',147,'235,315,330,210','relationship'),(450,'IXContent',147,'420,315,100,30','classitem'),(451,'IModeElement',147,'290,405,140,30','classitem'),(452,'ITextContent',147,'170,315,120,30','classitem'),(453,'<>->*',147,'605,90,605,180','relationship'),(454,'-|>',147,'485,315,405,210','relationship'),(455,'dashboard\n<>->',147,'440,70,555,70','relationship'),(456,'<>->',147,'540,200,440,200','relationship'),(457,'IContent',147,'300,180,140,30','classitem'),(458,'Property',153,'340,10,100,30','classitem'),(459,'User',153,'80,75,100,30','classitem'),(460,'->*',153,'180,90,340,90','relationship'),(461,'UserProperty',153,'340,75,100,30','classitem'),(462,'-|>',153,'385,75,385,40','relationship'),(463,'--',147,'225,160,225,200','relationship'),(464,'String',147,'175,130,100,30','classitem'),(465,'-|>',147,'85,185,85,100','relationship'),(466,'->*',147,'300,200,155,200','relationship'),(467,'IContentProperty',147,'15,185,140,35','classitem'),(468,'IProperty',147,'15,70,140,30','classitem'),(469,'Write description',159,'410,30,115,30','classitem'),(470,'->',159,'130,45,220,45','relationship'),(471,'bug/enhancement/comment/say hello',159,'145,155,265,30','classitem'),(472,'->',159,'320,45,410,45','relationship'),(473,'Feed back type',159,'220,30,100,30','classitem'),(474,'Feedback',159,'30,30,100,30','classitem'),(475,'--',159,'270,155,270,60','relationship'),(476,'SimplePanel',164,'105,125,100,30','classitem'),(477,'PageOrganizeFormatter',164,'80,195,160,30','classitem'),(478,'-|>',164,'155,195,155,155','relationship'),(479,'PageIterator.IteratorCallback',164,'220,125,210,30','classitem'),(480,'-|>',164,'195,195,320,155','relationship'),(481,'PageOrganizeHandle',164,'80,325,160,30','classitem'),(483,'SimplePanel',164,'340,295,100,30','classitem'),(484,'->*',164,'160,225,160,325','relationship'),(485,'DragHandler',164,'340,340,100,30','classitem'),(486,'Integer',164,'240,255,100,30','classitem'),(487,'-|>',164,'240,335,340,310','relationship'),(488,'-|>',164,'240,345,340,355','relationship'),(489,'level\n--',164,'160,270,240,270','relationship'),(491,'->',164,'195,325,470,260,470,105,365,60','relationship'),(492,'PickupDragController\n--\nregisterDropController',164,'240,10,145,50','classitem'),(493,'AbsolutePanel',164,'485,10,120,30','classitem'),(494,'-|>',164,'75,70,75,40','relationship'),(495,'->',164,'385,25,485,25','relationship'),(496,'DragHandler',164,'20,10,120,30','classitem'),(497,'ProjectController',164,'15,70,120,30','classitem'),(498,'->',164,'240,25,140,25','relationship'),(499,'-->',164,'310,85,310,60','relationship'),(500,'ProjectView',164,'250,85,120,30','classitem'),(501,'->',164,'90,195,90,125,265,60','relationship'),(502,'NoInsertAtEndIndexedDropController',164,'445,415,250,30','classitem'),(503,'IndexedDropController',164,'495,335,145,30','classitem'),(504,'-->',164,'155,355,445,430','relationship'),(505,'-|>',164,'570,415,570,365','relationship'),(506,'->',164,'385,45,570,150','relationship'),(507,'DropController',164,'505,150,130,30','classitem'),(508,'-|>',164,'570,335,570,180','relationship'),(509,'VerticalPanel',164,'70,495,145,30','classitem'),(510,'-|>',164,'150,495,250,440','relationship'),(511,'IndexedPanel',164,'185,410,145,30','classitem'),(512,'->',164,'495,350,330,425','relationship'),(513,'<>->',164,'140,355,140,495','relationship'),(514,'ProjectRemote\n--\naddObserver',189,'425,50,170,60','classitem'),(515,'->',189,'295,195,140,80','relationship'),(516,'->',189,'115,215,115,80','relationship'),(517,'ModuleEntry',189,'245,195,100,30','classitem'),(518,'XController',189,'65,215,100,30','classitem'),(519,'StateHandler',189,'245,50,100,30','classitem'),(520,'->',189,'165,65,245,65','relationship'),(521,'->',189,'345,65,425,65','relationship'),(522,'Context',189,'65,50,100,30','classitem'),(523,'PageView',199,'75,30,100,30','classitem'),(524,'TextLineContent',199,'350,30,165,30','classitem'),(525,'title\n->',199,'175,45,350,45','relationship'),(526,'SimpleClass\n',203,'60,30,100,30','classitem'),(527,'SimpleClass\n',203,'285,30,100,30','classitem'),(528,'->',203,'160,45,285,45','relationship'),(529,'SurfaceHandler',108,'55,105,145,30','classitem'),(530,'MouseDiagramResizeHandler',108,'210,300,200,30','classitem'),(531,'<>->',108,'200,120,325,120','relationship'),(532,'<>->',108,'415,135,235,230','relationship'),(533,'MouseDiagramBendHandler',108,'140,230,200,30','classitem'),(534,'<>->',108,'485,135,330,300','relationship'),(535,'<>->',108,'375,135,215,195','relationship'),(536,'<>->',108,'445,135,280,265','relationship'),(537,'MouseDiagramHandlerManager',108,'325,105,200,30','classitem'),(538,'MouseDiagramDragHandler',108,'120,195,200,30','classitem'),(539,'SelectionHandler',108,'175,265,200,30','classitem'),(540,'Jaan',204,'55,25,100,30','classitem'),(541,'SimpleClass\n',204,'255,25,100,30','classitem'),(542,'->',204,'155,40,255,40','relationship'),(543,'Ace',204,'255,120,100,30','classitem'),(544,'-|>',204,'305,120,305,55','relationship'),(545,'VerySimple',204,'55,120,100,30','classitem'),(546,'-|>',204,'105,120,105,55','relationship'),(547,'-->',204,'155,135,255,135','relationship'),(548,'-|>',52,'275,130,320,65','relationship'),(549,'->',52,'370,50,515,50','relationship'),(550,'<<interface>>\nClassName\n--\nmethod()',52,'515,15,125,110','classitem'),(551,'Ellipse',52,'115,55,45,25','ellipseitem'),(552,'DiagramItem\n--\nuserSized',208,'30,30,135,60','classitem'),(553,'<>->',108,'505,135,505,265','relationship'),(554,'->',129,'170,55,280,55','relationship'),(555,'SimpleClass\n',129,'70,115,100,30','classitem'),(556,'-|>',129,'120,115,120,70','relationship'),(557,'label\n1<>->*',129,'170,130,330,130,330,70','relationship'),(558,'selected value\n->',212,'180,80,325,80','relationship'),(560,'ListContent',212,'80,35,100,60','classitem'),(561,'ListValue\n--\nvalue:String',212,'325,35,100,65','classitem'),(562,'options\n->',212,'180,45,325,45','relationship'),(563,'SketchesController',212,'80,260,125,30','classitem'),(564,'UiEditListContent',212,'65,190,135,30','classitem'),(565,'content\n->',212,'130,190,130,95','relationship'),(566,'Project',212,'485,35,100,30','classitem'),(567,'->',212,'425,50,485,50','relationship'),(568,'SketchUiList\n--\naddRow',220,'65,125,195,60','classitem'),(569,'ListUiHelper',220,'115,30,100,30','classitem'),(570,'-|>',220,'165,125,165,60','relationship'),(571,'SurfaceHandler\n--\naddMouseDiagramHandler(handler)',224,'285,320,220,70','classitem'),(572,'SketchDiagramAreaHandler',224,'65,410,175,30','classitem'),(573,'->',224,'130,320,130,125,295,40','relationship'),(574,'->',224,'185,335,285,335','relationship'),(575,'ToolFrame\n--\ngetToolSelection()',224,'295,25,150,60','classitem'),(576,'ModelingPanel',224,'85,320,100,30','classitem'),(577,'<>->',224,'155,350,155,410','relationship'),(578,'Toolbar2',224,'580,315,100,30','classitem'),(579,'surface\n->',224,'580,330,505,330','relationship'),(580,'toolpool\n->',224,'645,345,645,425,390,425,390,390','relationship'),(581,'Properties',224,'535,20,100,30','classitem'),(582,'->',224,'445,35,535,35','relationship'),(583,'<>->',224,'445,60,665,130,665,315','relationship'),(584,'->',224,'100,55,100,320','relationship'),(585,'UiDiagramEditContent',224,'60,25,165,30','classitem'),(586,'-->',224,'370,85,410,195,345,320','relationship'),(587,'IToolSelection\n--\nselectedElement()\nselectedRelationship()\n',224,'460,185,170,70','classitem'),(589,'-|>',224,'585,315,540,255','relationship'),(590,'MouseDiagramHandlerManager\n--\naddMouseDiagramHandler()',224,'175,190,200,55','classitem'),(591,'<>->',224,'320,320,270,245','relationship'),(596,'-|>',108,'425,105,425,55','relationship'),(597,'MouseDiagramHandler',108,'340,25,160,30','classitem'),(605,'-|>',224,'100,410,40,260,210,145','relationship'),(606,'MouseDiagramHandler',224,'175,115,165,30','classitem'),(607,'-|>',224,'270,190,250,145','relationship'),(608,'->',224,'190,410,300,390','relationship'),(609,'->',224,'170,410,250,285,460,230','relationship'),(610,'->',236,'335,150,435,150','relationship'),(611,'SimplePanel',236,'220,30,100,30','classitem'),(612,'ModelingPanel',236,'205,135,130,30','classitem'),(613,'-|>',236,'270,135,270,60','relationship'),(614,'SurfaceHandler',236,'435,135,130,30','classitem'),(615,'FocusPanel',236,'445,30,100,30','classitem'),(616,'-|>',236,'495,135,495,60','relationship'),(617,'HorizontalPanel',236,'15,135,130,30','classitem'),(618,'->',236,'205,150,145,150','relationship'),(619,'Surface',236,'430,260,130,30','classitem'),(620,'<>->',236,'470,165,255,260','relationship'),(621,'->',236,'495,165,495,260','relationship'),(622,'->',236,'430,275,300,275','relationship'),(623,'SimplePanel',236,'200,260,100,30','classitem'),(636,'AbstractDiagramItem',254,'225,25,155,30','classitem'),(637,'-|>',254,'305,100,305,55','relationship'),(638,'Relationship2',254,'255,100,100,30','classitem'),(640,'RelationshipText2',254,'455,100,155,30','classitem'),(641,'->',254,'355,115,455,115','relationship'),(642,'Polyline',254,'455,25,155,30','classitem'),(643,'handles\n->*',254,'305,130,305,210','relationship'),(644,'CircleElement',254,'225,210,155,30','classitem'),(645,'lines\n->*',254,'325,130,535,215','relationship'),(646,'LineElement',254,'455,215,155,30','classitem'),(651,'moveHandle\n->',254,'255,115,150,115','relationship'),(652,'Rectangle',254,'50,100,100,30','classitem'),(653,'-|>',273,'210,115,210,50','relationship'),(654,'handles\n->*',273,'210,145,210,210','relationship'),(655,'AbstractDiagramItem',273,'130,20,155,30','classitem'),(656,'Polyline',273,'360,15,155,30','classitem'),(657,'lines\n->*',273,'230,145,440,210','relationship'),(658,'BendHandle',273,'390,320,100,30','classitem'),(659,'->',273,'260,130,360,110','relationship'),(660,'Relationship2',273,'160,115,100,30','classitem'),(661,'bendHandle\n->',273,'440,240,440,320','relationship'),(662,'LineElement',273,'360,210,155,30','classitem'),(663,'RelationshipText2',273,'360,95,155,30','classitem'),(664,'CircleElement',273,'130,210,155,30','classitem'),(665,'Anchor',254,'55,210,100,30','classitem'),(666,'start, end handles\n->',254,'280,130,110,210','relationship'),(667,'->',273,'390,335,315,335','relationship'),(668,'Rectangle',273,'215,320,100,30','classitem'),(670,'SimpleClass\n',274,'65,70,100,30','classitem'),(671,'->',274,'85,100,85,135,145,135,145,100','relationship'),(672,'Sequence',274,'255 370,35,100,25','sequenceitem'),(673,'Sequence',274,'255 205,35,100,25','sequenceitem'),(674,'->',274,'255,140,420,140','relationship'),(675,'->',274,'255,95,420,95','relationship'),(676,'SimpleClass\n',274,'85,175,100,30','classitem'),(677,'-|>',274,'135,245,135,205','relationship'),(678,'SimpleClass\n',274,'85,245,100,30','classitem'),(728,'->',278,'265,65,325,40','relationship'),(729,'->*',278,'220,80,220,155','relationship'),(730,'Rectangle',278,'325,90,100,30','classitem'),(731,'Shape',278,'170,155,100,30','classitem'),(732,'ClassElement2',278,'165,50,100,30','classitem'),(733,'Group',278,'325,25,100,30','classitem'),(734,'->',278,'265,70,325,105','relationship'),(743,'->',280,'155,185,155,250','relationship'),(744,'-->',280,'295,170,205,170','relationship'),(745,'DojoProxy.js',280,'105,155,100,30','classitem'),(746,'instantiates\n-->',280,'155,45,155,155','relationship'),(747,'SketchoModule',280,'95,15,125,30','classitem'),(748,'Silverlight',280,'105,250,100,30','classitem'),(749,'Shape',280,'295,155,100,30','classitem'),(750,'SimpleClass\n',281,'450,240,100,30','classitem'),(751,'SimpleClass\n',281,'140,160,100,30','classitem'),(752,'Kasperi',281,'250,170,100,30','classitem'),(753,'SimpleClass\n',281,'415,15,100,30','classitem'),(754,'SimpleClass\n',281,'30,325,100,30','classitem'),(755,'SimpleClass\n',281,'305,330,100,30','classitem'),(756,'SimpleClass\n',281,'190,295,100,30','classitem'),(757,'SimpleClass\n',281,'375,155,100,30','classitem'),(758,'Problematic',281,'55,105,100,30','classitem'),(759,'SimpleClass\n',281,'125,390,100,30','classitem'),(760,'SimpleClass\n',281,'315,390,100,30','classitem'),(761,'SimpleClass\n',281,'30,175,100,30','classitem'),(762,'SimpleClass\n',281,'430,310,100,30','classitem'),(763,'SimpleClass\n',281,'515,435,100,30','classitem'),(764,'SimpleClass\n',281,'425,20,100,30','classitem'),(765,'Sequence',281,'225 20,15,100,25','sequenceitem'),(766,'SimpleClass\n',281,'370,230,100,30','classitem'),(767,'Jennu',281,'295,110,100,30','classitem'),(768,'SimpleClass\n',281,'300,50,100,30','classitem'),(769,'bottle-neck',281,'615,455,675,375,695,70,400,70','relationship'),(770,'SimpleClass\n',281,'545,185,100,30','classitem'),(771,'SimpleClass\n',281,'235,435,100,30','classitem'),(772,'SimpleClass\n',281,'95,240,100,30','classitem'),(773,'Sequence',281,'200 195,15,100,25','sequenceitem'),(774,'->',281,'70,95,245,95','relationship'),(775,'->',281,'70,60,245,60','relationship'),(776,'SimpleClass\n',281,'225,230,100,30','classitem'),(777,'Ellipse',281,'575,290,50,25','ellipseitem'),(778,'SimpleClass\n',281,'540,120,100,30','classitem'),(779,'henda\n->',282,'395,215,540,215','relationship'),(780,'->',282,'275,195,395,195','relationship'),(781,'->',282,'130,45,300,45','relationship'),(782,'Sequence',282,'285 345,125,100,25','sequenceitem'),(783,'<<interface>>\nClassName\n--\nmethod()',282,'35,155,100,60','classitem'),(784,'SimpleClass\n',282,'30,30,100,30','classitem'),(785,'Sequence',282,'270 490,125,100,25','sequenceitem'),(786,'Sequence',282,'280 225,125,100,25','sequenceitem'),(787,'Ellipse',282,'350,45,50,25','ellipseitem'),(788,'->',282,'85,60,85,155','relationship'),(789,'CircleElement',285,'210,240,155,30','classitem'),(790,'moveHandle\n->',285,'240,120,135,120','relationship'),(791,'Polyline',285,'440,30,155,30','classitem'),(792,'Anchor',285,'40,185,100,30','classitem'),(793,'start, end handles\n->',285,'265,135,95,185','relationship'),(794,'Rectangle',285,'35,105,100,30','classitem'),(795,'handles, bendHandles\n->*',285,'290,135,290,240','relationship'),(796,'RelLine',285,'440,220,155,30','classitem'),(797,'Relationship2',285,'240,105,100,30','classitem'),(798,'relLine\n->',285,'310,135,520,220','relationship'),(799,'RelationshipText2',285,'440,105,155,30','classitem'),(800,'-|>',285,'290,105,290,60','relationship'),(801,'AbstractDiagramItem',285,'210,30,155,30','classitem'),(802,'->',285,'340,120,440,120','relationship'),(803,'polyline, background\n->',285,'485,250,485,315','relationship'),(805,'Polyline',285,'430,315,155,30','classitem'),(819,'->',282,'540,260,395,260','relationship'),(820,'->',282,'395,305,275,305','relationship'),(821,'SimpleClass\n',287,'150,80,100,30','classitem'),(822,'SimpleClass\n',287,'460,135,100,30','classitem'),(823,'SimpleClass\n',287,'50,30,100,30','classitem'),(824,'SimpleClass\n',287,'495,275,100,30','classitem'),(825,'SimpleClass\n',287,'550,170,100,30','classitem'),(826,'SimpleClass\n',287,'280,35,100,30','classitem'),(827,'SimpleClass\n',287,'315,190,100,30','classitem'),(828,'SimpleClass\n',287,'315,255,100,30','classitem'),(829,'SimpleClass\n',287,'280,135,100,30','classitem'),(830,'SimpleClass\n',287,'415,60,100,30','classitem'),(831,'->',287,'205,220,315,270','relationship'),(832,'SimpleClass\n',287,'105,205,100,30','classitem'),(833,'SimpleClass\n',287,'555,60,100,30','classitem'),(834,'->',287,'115,380,275,380','relationship'),(835,'->',287,'275,400,475,400','relationship'),(836,'Sequence',287,'95 225,335,100,25','sequenceitem'),(837,'Sequence',287,'90 65,335,100,25','sequenceitem'),(838,'->',287,'205,215,315,205','relationship'),(839,'->',287,'380,150,460,150','relationship'),(840,'Sequence',287,'90 425,335,100,25','sequenceitem'),(841,'doThis()\r\n->',292,'205,115,335,115','relationship'),(842,'run()\r\n->',292,'465,170,595,170','relationship'),(843,'call1()\r\n->',292,'85,80,205,80','relationship'),(844,'makeItHappen()\r\n->',292,'335,140,465,140','relationship'),(845,'-->',292,'595,200,465,200','relationship'),(846,'-->',292,'465,235,335,235','relationship'),(847,'-->',292,'205,310,85,310','relationship'),(848,'object2',292,'390 155,25,100,25','sequenceitem'),(849,'object1',292,'385 35,25,100,25','sequenceitem'),(850,'-->',292,'335,270,205,270','relationship'),(851,'object5',292,'390 545,25,100,25','sequenceitem'),(852,'object3',292,'390 285,25,100,25','sequenceitem'),(853,'object4',292,'390 415,25,100,25','sequenceitem'),(854,'faarao',293,'385 290,20,100,25','sequenceitem'),(855,'->',293,'70,95,205,95','relationship'),(856,'->',293,'205,130,340,130','relationship'),(857,'asteriz',293,'385 155,20,100,25','sequenceitem'),(858,'->',293,'340,175,470,175','relationship'),(859,'obelix',293,'385 20,20,100,25','sequenceitem'),(860,'-->',293,'340,320,205,320','relationship'),(861,'faarao',293,'385 550,20,100,25','sequenceitem'),(862,'-->',293,'600,255,470,255','relationship'),(863,'-->',293,'470,280,340,280','relationship'),(864,'faarao',293,'385 420,20,100,25','sequenceitem'),(865,'->',293,'470,210,600,210','relationship'),(866,'-->',293,'205,350,70,350','relationship'),(867,'Relationship2',297,'65,195,100,30','classitem'),(868,'Anchor',297,'265,195,100,30','classitem'),(869,'start, end\n->',297,'165,210,265,210','relationship'),(870,'-|>',297,'315,195,315,145','relationship'),(871,'Diagram',297,'420,195,100,30','classitem'),(872,'IDiagramHandler',297,'260,115,115,30','classitem'),(873,'->',297,'365,210,420,210','relationship'),(874,'DragHandlerManager',297,'245,20,145,30','classitem'),(875,'->*',297,'315,50,315,115','relationship'),(876,'IMovable',297,'440,95,115,30','classitem'),(877,'-|>',297,'620,300,500,125','relationship'),(878,'AnchorElement',297,'580,300,125,30','classitem'),(879,'->*',297,'525,315,580,315','relationship'),(880,'-->',297,'335,195,440,110','relationship'),(881,'HasMove\n--\naddMoveHandler()\nnotifyMove()',297,'580,95,125,65','classitem'),(882,'register\n->',297,'390,35,640,35,640,95','relationship'),(883,'-|>',297,'640,300,640,160','relationship'),(884,'notify when pos change\n->',297,'310,225,310,250,120,250,120,225','relationship'),(885,'XElement',297,'425,300,100,30','classitem'),(886,'add movable\n-->',297,'425,315,50,315,50,50','relationship'),(887,'-|>',297,'475,300,475,225','relationship'),(888,'SurfaceHandler',297,'20,20,145,30','classitem'),(889,'->',297,'165,35,245,35','relationship'),(890,'SimpleClass\n',287,'495,20,100,30','classitem'),(891,'SimpleClass\n',287,'180,25,100,30','classitem'),(892,'SimpleClass\n',287,'290,100,100,30','classitem'),(893,'SimpleClass\n',287,'160,160,100,30','classitem'),(919,'<<interface>>\r\nClassName\r\n--\r\nmunoma()',287,'45,255,100,60','classitem'),(920,'SimpleClass\n',287,'55,150,100,30','classitem'),(921,'SimpleClass\n',302,'340,215,100,30','classitem'),(922,'SimpleClass\n',302,'195,60,100,30','classitem'),(923,'SimpleClass\n',302,'385,55,100,30','classitem'),(924,'->',302,'295,70,385,70','relationship'),(925,'->',302,'430,85,390,215','relationship'),(926,'Laake',306,'75,380,100,30','classitem'),(927,'Viriketoiminta',306,'60,75,100,30','classitem'),(928,'Jako',306,'55,280,95,25','classitem'),(929,'Suunnitelma',306,'285,395,100,30','classitem'),(930,'Lahete\n--\npotilas_ID\nhoitajan_lahete_ID\ntietaako_omainen\nsopimuslaakari\nlahiomainen\nomaisen_osoite\ndiagnoosi\nsiirtymisen_syy',306,'170,495,145,140','classitem'),(931,'Kayttaja\n--\nid\nusername\npassword\nactive\nname\nusertype',306,'640,15,110,120','classitem'),(932,'Patient',306,'215,20,100,30','classitem'),(933,'Omainen',306,'60,215,100,30','classitem'),(934,'Mittaus',306,'430,435,100,30','classitem'),(935,'Login\n--\nid\nusername\ndate',306,'770,15,135,80','classitem'),(936,'Laakari',306,'570,370,100,30','classitem'),(937,'Rava\n--\nid\npatient_id\nnako\nkuulo\npuhe\nliikkuminen\nvirtsa\nuloste\nsyminen\nlke\npukeutuminen\npeseytyminen\nmuisti\npsyyke\ndate\nkayttaja_id\nmuokkaaja_id\nmuokkaus_date\n',306,'445,15,180,275','classitem'),(938,'UserType',307,'550,20,100,30','classitem'),(939,'User',307,'550,110,100,30','classitem'),(940,'Laake',307,'135,30,100,30','classitem'),(941,'Potilas',307,'355,155,100,30','classitem'),(942,'Suunnitelma\n--\ndate\ntavoitteet\nmenetelmat\narviointi',307,'345,270,125,90','classitem'),(943,'Osoite\n--\ntype',307,'130,150,100,55','classitem'),(944,'Lahete',307,'160,255,100,30','classitem'),(945,'->*',307,'405,185,405,270','relationship'),(946,'->',307,'600,110,600,50','relationship'),(947,'->',307,'355,170,235,45','relationship'),(948,'->',307,'355,175,230,175','relationship'),(949,'->',307,'470,320,600,320,600,140','relationship'),(950,'Boolean\n--\nvalue',307,'20,430,100,50','classitem'),(951,'Text\n--\nvalue',307,'255,430,100,50','classitem'),(952,'-|>',307,'65,430,180,370','relationship'),(953,'-|>',307,'310,430,210,370','relationship'),(954,'Number\n--\nvalue',307,'140,430,100,50','classitem'),(955,'Property\n--\nname',307,'145,320,100,50','classitem'),(956,'-|>',307,'190,430,190,370','relationship'),(957,'user',308,'550,110,100,30','classitem'),(958,'patient\n--\nlastname\nfirstname\n',308,'355,155,100,75','classitem'),(959,'plan\n--\ndate\ngoals\nmethods\nevaluation',308,'335,285,125,90','classitem'),(960,'->',308,'600,110,600,50','relationship'),(961,'Lahete',308,'465,395,100,30','classitem'),(962,'medicin',308,'135,30,100,30','classitem'),(964,'->',308,'460,335,600,335,600,140','relationship'),(967,'user_type',308,'550,20,100,30','classitem'),(969,'patient_property\n--\ntype\nvalue (list,boolean,number,text)',308,'40,260,195,65','classitem'),(970,'->',308,'355,170,235,45','relationship'),(973,'address',308,'40,160,100,30','classitem'),(974,'->',308,'355,175,140,175','relationship'),(976,'->',308,'400,230,400,285','relationship'),(977,'Issue\n--\npriority_ID\ntype_ID\nstatus_ID\nmilestone\nowner\ntitle\ndescription\npicture links... (in text)\nother links... (in text)\nattachements (not first)\ncomment_IDs\nlabels\n--\ngetProperties()\naddProperty()',317,'70,145,145,245','classitem'),(978,'Type',317,'360,240,100,30','classitem'),(979,'Comment\n--\nby\nfree text\nattachments (not first)',317,'360,295,145,85','classitem'),(980,'Acl',317,'490,460,100,30','classitem'),(981,'Priority',317,'360,185,100,30','classitem'),(982,'User',317,'365,460,100,30','classitem'),(983,'IssueManager',322,'180,105,100,30','classitem'),(984,'ControllerFactory',322,'380,105,125,30','classitem'),(985,'RootController',322,'170,190,115,30','classitem'),(986,'View',322,'260,285,100,30','classitem'),(987,'ValueChangeHandler',322,'155,25,145,30','classitem'),(989,'-|>',322,'230,105,230,55','relationship'),(990,'Controller\n--\ninfo()\ngetView()',322,'555,190,100,65','classitem'),(991,'->*',322,'440,135,440,190','relationship'),(992,'ClassInfo\n--\ncreateInstance\ngetId',322,'380,190,120,65','classitem'),(993,'-->',322,'555,220,500,220','relationship'),(994,'->',322,'280,120,380,120','relationship'),(995,'->',322,'230,135,230,190','relationship'),(996,'-->',322,'570,255,360,300','relationship'),(997,'IssuesController',322,'490,365,110,30','classitem'),(998,'IssueController',322,'615,365,100,30','classitem'),(999,'->*',317,'215,230,360,335','relationship'),(1000,'->',317,'215,210,360,255','relationship'),(1001,'->',317,'215,195,360,200','relationship'),(1002,'-|>',322,'375,370,320,315','relationship'),(1003,'->',322,'540,395,540,425,375,425,375,400','relationship'),(1004,'->',322,'665,395,665,430,235,430,235,400','relationship'),(1005,'-|>',322,'665,365,615,255','relationship'),(1006,'IssuesView',322,'325,370,100,30','classitem'),(1007,'IssueView',322,'185,370,100,30','classitem'),(1008,'-|>',322,'240,370,290,315','relationship'),(1009,'-|>',322,'540,365,595,255','relationship'),(1010,'->',317,'215,165,360,140','relationship'),(1011,'Status',317,'360,125,100,30','classitem'),(1012,'ViewTemplate',322,'380,35,125,30','classitem'),(1013,'->',322,'280,115,380,85','relationship'),(1014,'->',322,'255,105,380,50','relationship'),(1015,'TemplateEngine',322,'380,70,125,30','classitem'),(1016,'->',322,'180,120,125,70','relationship'),(1017,'Globals',322,'25,55,100,30','classitem'),(1018,'->',322,'195,135,125,160','relationship'),(1019,'Context',322,'25,145,100,30','classitem'),(1020,'-->',322,'75,55,75,15,530,15,530,85,505,85','relationship'),(1021,'-->',322,'75,85,15,105,15,205,170,205','relationship'),(1022,'Project',317,'90,455,100,30','classitem'),(1023,'->*',317,'140,455,140,390','relationship'),(1024,'->',323,'155,150,155,260','relationship'),(1025,'IssueController',323,'105,35,100,30','classitem'),(1026,'PropertyViewComponent',323,'70,260,165,30','classitem'),(1027,'IssueView',323,'105,120,100,30','classitem'),(1028,'->*',323,'235,275,400,275','relationship'),(1029,'Issue',323,'455,40,100,30','classitem'),(1030,'Property\n--\nname\nvalue\ntype (list,string,number,boolean)',323,'400,250,200,80','classitem'),(1031,'->',323,'505,70,505,250','relationship'),(1032,'<>->',323,'155,65,155,120','relationship'),(1033,'->*',317,'140,145,140,105','relationship'),(1034,'Property\n--\nname\nvalue\ntype\neditor',317,'75,15,120,90','classitem'),(1035,'free text\n->',317,'505,325,540,325,540,45,195,45','relationship'),(1037,'->*',325,'150,195,150,145','relationship'),(1038,'Priority',325,'375,180,100,30','classitem'),(1039,'Issue\n--\npriority_property\ntype_property\nstatus_property\nmilestone_property\nowner\ntitle\ndescription_property\npicture links... (in text)\nother links... (in text)\nattachements (not first)\ncomment_IDs\nlabels_property\ncreatedTime\nmodifiedTime\nmodifier\n--\ngetProperties()\naddProperty()',325,'80,195,140,275','classitem'),(1040,'Property\n--\nname\nvalue\ntype\neditor\noptions_class\ndefault value\noptions\n',325,'90,10,120,135','classitem'),(1041,'->*',325,'150,530,150,470','relationship'),(1042,'User',325,'375,420,100,30','classitem'),(1043,'Status',325,'375,120,100,30','classitem'),(1044,'IssueType',325,'375,235,100,30','classitem'),(1045,'Acl',325,'515,420,100,30','classitem'),(1046,'comments (owned)\n->*',325,'225,330,375,330','relationship'),(1048,'Comment\n--\nby\nfree text\nattachments (not first)',325,'375,290,145,85','classitem'),(1049,'free text\n->',325,'520,320,555,320,555,40,210,40','relationship'),(1050,'Project',325,'100,530,100,30','classitem'),(1052,'options_class (Class name)\n->',325,'210,70,430,70','relationship'),(1053,'String',325,'430,55,100,30','classitem');
/*!40000 ALTER TABLE `diagram_item` ENABLE KEYS */;
UNLOCK TABLES;

--
-- Table structure for table `link_content`
--

DROP TABLE IF EXISTS `link_content`;
CREATE TABLE `link_content` (
  `id` bigint(20) NOT NULL,
  `link` text,
  PRIMARY KEY  (`id`),
  KEY `FK2279B6FF98DFA226` (`id`),
  KEY `FK62EF13498DFA226` (`id`),
  CONSTRAINT `FK62EF13498DFA226` FOREIGN KEY (`id`) REFERENCES `content` (`id`)
) ENGINE=InnoDB DEFAULT CHARSET=utf8;

--
-- Dumping data for table `link_content`
--

LOCK TABLES `link_content` WRITE;
/*!40000 ALTER TABLE `link_content` DISABLE KEYS */;
INSERT INTO `link_content` VALUES (105,NULL),(110,NULL),(115,NULL),(120,NULL),(125,NULL),(132,'http://yle.fi'),(137,NULL),(142,NULL),(150,NULL),(156,NULL),(161,NULL),(166,NULL),(171,NULL),(176,NULL),(181,NULL),(186,NULL),(196,NULL),(200,NULL),(205,NULL),(209,NULL),(213,NULL),(217,NULL),(221,NULL),(225,NULL),(229,NULL),(233,NULL),(237,NULL),(241,NULL),(245,NULL),(249,NULL),(255,NULL),(269,''),(275,NULL),(288,NULL),(294,NULL),(303,NULL),(310,NULL),(314,NULL),(319,NULL),(327,NULL),(331,NULL),(335,NULL),(343,NULL),(347,NULL);
/*!40000 ALTER TABLE `link_content` ENABLE KEYS */;
UNLOCK TABLES;

--
-- Table structure for table `list_content`
--

DROP TABLE IF EXISTS `list_content`;
CREATE TABLE `list_content` (
  `id` bigint(20) NOT NULL,
  `items` varchar(255) default NULL,
  `value` varchar(255) default NULL,
  PRIMARY KEY  (`id`),
  KEY `FKAEBA75DB98DFA226` (`id`),
  KEY `FK2060DD898DFA226` (`id`),
  CONSTRAINT `FK2060DD898DFA226` FOREIGN KEY (`id`) REFERENCES `content` (`id`)
) ENGINE=InnoDB DEFAULT CHARSET=utf8;

--
-- Dumping data for table `list_content`
--

LOCK TABLES `list_content` WRITE;
/*!40000 ALTER TABLE `list_content` DISABLE KEYS */;
INSERT INTO `list_content` VALUES (106,'New,Accepted,Started,Designed,Future,Discarded','Designed'),(111,'New,Accepted,Started,Designed,Future,Discarded','Designed'),(116,'New,Accepted,Started,Designed,Future,Discarded','Accepted'),(121,'New,Accepted,Started,Designed,Future,Discarded','Designed'),(126,'New,Accepted,Started,Designed,Future,Discarded','Designed'),(133,'New,Accepted,Started,Designed,Future,Discarded','Accepted'),(138,'New,Accepted,Started,Designed,Future,Discarded','Designed'),(143,'New,Accepted,Started,Designed,Future,Discarded','Designed'),(151,'New,Accepted,Started,Designed,Future,Discarded','Future'),(157,'New,Accepted,Started,Designed,Future,Discarded','Started'),(162,'New,Accepted,Started,Designed,Future,Discarded','Designed'),(167,'New,Accepted,Started,Designed,Future,Discarded','Future'),(172,'New,Accepted,Started,Designed,Future,Discarded','Future'),(177,'New,Accepted,Started,Designed,Future,Discarded','Discarded'),(182,'New,Accepted,Started,Designed,Future,Discarded','Future'),(187,'New,Accepted,Started,Designed,Future,Discarded','Future'),(197,'New,Accepted,Started,Designed,Future,Discarded','Designed'),(201,'New,Accepted,Started,Designed,Future,Discarded','New'),(206,'New,Accepted,Started,Designed,Future,Discarded','Accepted'),(210,'New,Accepted,Started,Designed,Future,Discarded','Future'),(214,'New,Accepted,Started,Designed,Future,Discarded','Future'),(218,'New,Accepted,Started,Designed,Future,Discarded','Accepted'),(222,'New,Accepted,Started,Designed,Future,Discarded','Designed'),(226,'New,Accepted,Started,Designed,Future,Discarded','Future'),(230,'New,Accepted,Started,Designed,Future,Discarded','Discarded'),(234,'New,Accepted,Started,Designed,Future,Discarded','Designed'),(238,'New,Accepted,Started,Designed,Future,Discarded','Designed'),(242,'New,Accepted,Started,Designed,Future,Discarded','Future'),(246,'New,Accepted,Started,Designed,Future,Discarded','Future'),(250,'New,Accepted,Started,Designed,Future,Discarded','New'),(256,'New,Accepted,Started,Designed,Future,Discarded','New'),(270,'New,Accepted,Started,Designed,Future,Discarded','Accepted'),(276,'New,Accepted,Started,Designed,Future,Discarded','Designed'),(289,'New,Accepted,Designed,Future,Discarded','Future'),(295,'New,Accepted,Started,Designed,Future,Discarded','New'),(304,'New,Accepted,Started,Designed,Future,Discarded','New'),(311,'New,Accepted,Started,Designed,Future,Discarded','New'),(315,'New,Accepted,Started,Designed,Future,Discarded','New'),(320,'New,Accepted,Started,Designed,Future,Discarded','New'),(328,'New,Accepted,Started,Designed,Future,Discarded','New'),(332,'New,Accepted,Started,Designed,Future,Discarded','Accepted'),(336,'New,Accepted,Started,Designed,Future,Discarded','New'),(344,'New,Accepted,Started,Designed,Future,Discarded','New'),(348,'New,Accepted,Started,Designed,Future,Discarded','New');
/*!40000 ALTER TABLE `list_content` ENABLE KEYS */;
UNLOCK TABLES;

--
-- Table structure for table `page`
--

DROP TABLE IF EXISTS `page`;
CREATE TABLE `page` (
  `id` bigint(20) NOT NULL auto_increment,
  `name` varchar(255) default NULL,
  `orderValue` int(11) default NULL,
  `parent_id` bigint(20) default NULL,
  `project_id` bigint(20) default NULL,
  `createdTime` bigint(20) default NULL,
  `creator` varchar(255) default NULL,
  `modifiedTime` bigint(20) default NULL,
  `modifier` varchar(255) default NULL,
  `type` int(11) default NULL,
  PRIMARY KEY  (`id`),
  KEY `FK25D6AFE386CC0D` (`parent_id`),
  KEY `FK25D6AFD84D4FAC` (`project_id`),
  KEY `FK34628FD84D4FAC` (`project_id`),
  KEY `FK34628FE386CC0D` (`parent_id`),
  CONSTRAINT `FK34628FD84D4FAC` FOREIGN KEY (`project_id`) REFERENCES `project` (`id`),
  CONSTRAINT `FK34628FE386CC0D` FOREIGN KEY (`parent_id`) REFERENCES `page` (`id`)
) ENGINE=InnoDB AUTO_INCREMENT=73 DEFAULT CHARSET=utf8;

--
-- Dumping data for table `page`
--

LOCK TABLES `page` WRITE;
/*!40000 ALTER TABLE `page` DISABLE KEYS */;
INSERT INTO `page` VALUES (1,'Dashboard',NULL,NULL,1,NULL,NULL,1248792853379,'artti',NULL),(2,'Layers',1,1,1,NULL,NULL,NULL,NULL,NULL),(3,'sd-app-frame',2,2,1,NULL,NULL,NULL,NULL,NULL),(4,'Domain Model',1,2,1,NULL,NULL,1250868248367,'artti',NULL),(6,'Dashboard',NULL,NULL,1,NULL,NULL,NULL,NULL,NULL),(7,'aa',1,6,2,NULL,NULL,NULL,NULL,NULL),(8,'bb',1,7,2,NULL,NULL,1248515152361,'saiki',NULL),(9,'cc',3,6,2,NULL,NULL,1248543834415,'jarna',NULL),(10,'Dashboard',NULL,NULL,3,NULL,NULL,NULL,NULL,NULL),(11,'Security',2,1,1,NULL,NULL,NULL,NULL,NULL),(12,'Dashboard',NULL,NULL,4,NULL,NULL,NULL,NULL,NULL),(13,'testing',3,1,1,NULL,NULL,NULL,NULL,NULL),(14,'Dashboard',NULL,NULL,5,NULL,NULL,NULL,NULL,NULL),(15,'sd-editor',3,2,1,NULL,NULL,NULL,NULL,NULL),(16,'Editor Problems',1,15,1,NULL,NULL,NULL,NULL,NULL),(17,'Server Push',4,1,1,NULL,NULL,NULL,NULL,NULL),(18,'Dashboard',NULL,NULL,6,NULL,NULL,NULL,NULL,NULL),(19,'Diagram contents can be moved by moving background',NULL,NULL,1,1246094998628,'saiki',1248797970861,'artti',2),(20,'New sketch design',NULL,NULL,1,1246095115180,'saiki',1246098495174,'artti',2),(21,'Open content directly',NULL,NULL,1,1246095143225,'saiki',1246117904199,'saiki',2),(22,'Content size can be changed',NULL,NULL,1,1246097058782,'saiki',1246097064120,'saiki',2),(23,'Security',NULL,NULL,1,1246097466518,'saiki',1246097473013,'saiki',2),(24,'Dashboard',NULL,NULL,7,NULL,NULL,NULL,NULL,NULL),(25,'Mitts tss',NULL,NULL,5,1246522006940,'saiki',1246522175702,'saiki',2),(26,'Sketch properties are limited',NULL,NULL,1,1247407641166,'saiki',1247648389090,'saiki',2),(27,'Sketch title refactored to be page name',NULL,NULL,1,1247421392111,'saiki',1248713366704,'saiki',2),(28,'User properties',NULL,NULL,1,1247432045755,'saiki',1247432256824,'saiki',2),(29,'Report a bug/feedback',NULL,NULL,1,1247435497958,'saiki',1248713193944,'saiki',2),(30,'Drag and drop design',NULL,NULL,1,1247473921222,'saiki',1248712314100,'saiki',2),(31,'Column wiki macro',NULL,NULL,1,1247609807166,'saiki',1248712347829,'saiki',2),(32,'New editing mode',NULL,NULL,1,1247609906863,'saiki',1248711824468,'saiki',2),(33,'Sketches macro shows with icon new sketches',NULL,NULL,1,1247609963782,'saiki',1248712133124,'saiki',2),(34,'Sketches view performance',NULL,NULL,1,1247645774105,'saiki',1248712250473,'saiki',2),(35,'Server Project modified events',NULL,NULL,1,1247647543079,'saiki',1248711976336,'saiki',2),(37,'Sketch title content as page name',NULL,NULL,1,1248004822042,'saiki',1248612047363,'saiki',2),(38,'kenoviivaa',NULL,NULL,2,1248119411069,'artti',1248120010494,'artti',2),(39,'Auto resize',NULL,NULL,1,1248333365199,'artti',1248728257323,'artti',2),(40,'Sketch values are based on database',NULL,NULL,1,1248613588913,'artti',1248727151815,'saiki',2),(41,'Relationship can be drawn from class element edge directly',NULL,NULL,1,1248727738587,'artti',1248728050299,'artti',2),(42,'Refactor sketch macro adapter to utilize SketchUiList',NULL,NULL,1,1248728624059,'artti',1248728898471,'artti',2),(43,'Direct diagram element insert',NULL,NULL,1,1248728909038,'artti',1248887783445,'saiki',2),(44,'Add ID column as first to the sketches view',NULL,NULL,1,1248729715800,'artti',1248791957597,'artti',2),(45,'Need to be able to delete handles from relationship',NULL,NULL,1,1248793875650,'artti',1250090855736,'saiki',2),(46,'Bending relationship is totally non intuitive!!',NULL,NULL,1,1248793940673,'artti',1250094381685,'saiki',2),(47,'Update to GWT 1.7',NULL,NULL,1,1248796366929,'artti',1248796470944,'artti',2),(48,'Add priority',NULL,NULL,1,1248796590754,'artti',1248797020547,'artti',2),(49,'Add with different color which diagram elements are new (my own process)',NULL,NULL,1,1248798245690,'artti',1248806420406,'artti',2),(50,'',2147483647,18,6,1248948919943,'test1',1248948919943,'test1',NULL),(51,'hepo',NULL,NULL,2,1249039815647,'saiki',1249039819936,'saiki',2),(52,'',2147483647,18,6,1249295355531,'test1',1249295355531,'test1',NULL),(53,'',NULL,NULL,6,1249295390292,'test1',1249295390292,'test1',2),(54,'',2147483647,18,6,1249295399994,'test1',1249295399994,'test1',NULL),(56,'creating online shop',NULL,NULL,6,1249312420428,'test1',1249312488110,'test1',2),(57,'Improve modeling performance',NULL,NULL,1,1250022439176,'saiki',1250878548060,'saiki',2),(58,'Adding comment content to a sketch',NULL,NULL,1,1250457978633,'saiki',1250458387478,'saiki',2),(59,'Improve how relationship is attached to an element',NULL,NULL,1,1250625431548,'jean',1250628706601,'jean',2),(61,'Dashboard',NULL,NULL,8,NULL,NULL,NULL,NULL,NULL),(62,'Domain model',NULL,NULL,8,1250885382982,'saiki',1250888902539,'saiki',2),(63,'Vaatimuksia',NULL,NULL,8,1250889033202,'saiki',1250918155258,'saiki',2),(64,'Dashboard',NULL,NULL,9,NULL,NULL,NULL,NULL,NULL),(65,'Domain model',NULL,NULL,9,1250889956775,'saiki',1251142615118,'saiki',2),(66,'Application Design',NULL,NULL,9,1250917345276,'saiki',1250932688530,'saiki',2),(67,'Create Page From Element',NULL,NULL,1,1251063981136,'saiki',1251064023162,'saiki',2),(68,'Uusi content editor RichText',NULL,NULL,1,1251064212662,'saiki',1251064275189,'saiki',2),(69,'Automaattinen contentin tallennus kun hiiren focus tai ohjelman focus vaihtuu pois contentista',NULL,NULL,1,1251064296144,'saiki',1251064332296,'saiki',2),(71,'Account creation',NULL,NULL,1,1251287955982,'saiki',1251288024899,'saiki',2),(72,'New content add sketches table or it is by default in the template',NULL,NULL,1,1251290741214,'saiki',1251290793775,'saiki',2);
/*!40000 ALTER TABLE `page` ENABLE KEYS */;
UNLOCK TABLES;

--
-- Table structure for table `page_ordered_content`
--

DROP TABLE IF EXISTS `page_ordered_content`;
CREATE TABLE `page_ordered_content` (
  `id` bigint(20) NOT NULL auto_increment,
  `orderValue` int(11) default NULL,
  `content_id` bigint(20) NOT NULL,
  `page_id` bigint(20) NOT NULL,
  PRIMARY KEY  (`id`),
  KEY `FK5437B3DB383AEC08` (`page_id`),
  KEY `FK5437B3DBA8A453AC` (`content_id`),
  KEY `FK133D0F7A8A453AC` (`content_id`),
  KEY `FK133D0F7383AEC08` (`page_id`),
  CONSTRAINT `FK133D0F7383AEC08` FOREIGN KEY (`page_id`) REFERENCES `page` (`id`),
  CONSTRAINT `FK133D0F7A8A453AC` FOREIGN KEY (`content_id`) REFERENCES `content` (`id`)
) ENGINE=InnoDB AUTO_INCREMENT=327 DEFAULT CHARSET=utf8;

--
-- Dumping data for table `page_ordered_content`
--

LOCK TABLES `page_ordered_content` WRITE;
/*!40000 ALTER TABLE `page_ordered_content` DISABLE KEYS */;
INSERT INTO `page_ordered_content` VALUES (1,2,1,2),(4,2,8,3),(5,2,9,4),(6,1,10,4),(7,1,11,2),(8,3,12,1),(9,1,13,3),(12,4,16,4),(13,3,17,4),(39,2,46,6),(40,3,47,6),(41,1,48,6),(43,1,52,8),(44,2,53,1),(45,2,54,10),(46,3,55,10),(47,1,56,1),(49,1,60,11),(51,2,62,11),(52,1,65,10),(55,1,68,13),(56,2,69,14),(60,2,75,15),(61,1,76,15),(62,1,77,14),(63,2,78,13),(65,1,80,16),(66,2,81,16),(67,1,82,17),(68,3,83,17),(70,2,85,17),(71,3,86,13),(72,4,87,13),(73,5,88,13),(78,1,95,18),(79,6,96,13),(81,2,105,19),(82,3,106,19),(83,4,107,19),(84,5,108,19),(86,2,110,20),(87,3,111,20),(88,4,112,20),(89,5,113,20),(91,2,115,21),(92,3,116,21),(93,4,117,21),(94,5,118,21),(96,2,120,22),(97,3,121,22),(98,4,122,22),(99,5,123,22),(101,2,125,23),(102,3,126,23),(103,4,127,23),(104,5,128,23),(105,7,129,19),(106,6,130,19),(108,2,132,25),(109,3,133,25),(110,4,134,25),(111,5,135,25),(113,2,137,26),(114,3,138,26),(115,4,139,26),(116,5,140,26),(118,2,142,27),(119,3,143,27),(120,4,144,27),(121,5,145,27),(123,6,147,4),(126,2,150,28),(127,3,151,28),(128,4,152,28),(129,5,153,28),(130,5,154,4),(132,2,156,29),(133,3,157,29),(134,4,158,29),(135,5,159,29),(137,2,161,30),(138,3,162,30),(139,4,163,30),(140,5,164,30),(142,2,166,31),(143,3,167,31),(144,4,168,31),(145,5,169,31),(147,2,171,32),(148,3,172,32),(149,4,173,32),(150,5,174,32),(152,2,176,33),(153,3,177,33),(154,4,178,33),(155,5,179,33),(157,2,181,34),(158,3,182,34),(159,4,183,34),(160,5,184,34),(162,2,186,35),(163,3,187,35),(164,4,188,35),(165,5,189,35),(172,2,196,37),(173,3,197,37),(174,4,198,37),(175,5,199,37),(176,1,200,38),(177,2,201,38),(178,3,202,38),(179,4,203,38),(180,1,204,9),(181,1,205,39),(182,2,206,39),(183,3,207,39),(184,4,208,39),(185,1,209,40),(186,2,210,40),(187,3,211,40),(188,4,212,40),(189,1,213,41),(190,2,214,41),(191,3,215,41),(192,4,216,41),(193,1,217,42),(194,2,218,42),(195,3,219,42),(196,4,220,42),(197,1,221,43),(198,2,222,43),(199,3,223,43),(200,4,224,43),(201,1,225,44),(202,2,226,44),(203,3,227,44),(204,4,228,44),(205,1,229,45),(206,2,230,45),(207,3,231,45),(208,4,232,45),(209,1,233,46),(210,2,234,46),(211,3,235,46),(212,4,236,46),(213,1,237,47),(214,2,238,47),(215,3,239,47),(216,4,240,47),(217,1,241,48),(218,2,242,48),(219,3,243,48),(220,4,244,48),(221,1,245,49),(222,2,246,49),(223,3,247,49),(224,4,248,49),(225,1,249,51),(226,2,250,51),(227,3,251,51),(228,5,252,51),(229,4,253,51),(230,5,254,46),(231,1,255,53),(232,2,256,53),(233,3,257,53),(234,4,258,53),(235,5,259,53),(240,2,264,18),(241,3,265,18),(242,4,266,18),(243,5,267,18),(244,6,268,18),(245,1,269,56),(246,2,270,56),(247,3,271,56),(248,4,272,56),(249,6,273,46),(250,7,274,46),(251,1,275,57),(252,2,276,57),(253,3,277,57),(254,5,278,57),(256,4,280,57),(257,6,281,57),(258,7,282,57),(261,8,285,57),(263,9,287,57),(264,1,288,58),(265,2,289,58),(266,3,290,58),(267,4,291,58),(268,10,292,57),(269,11,293,57),(270,1,294,59),(271,2,295,59),(272,3,296,59),(273,4,297,59),(278,12,302,57),(279,1,303,62),(280,2,304,62),(281,3,305,62),(282,4,306,62),(283,5,307,62),(284,7,308,62),(285,6,309,62),(286,1,310,63),(287,2,311,63),(288,3,312,63),(289,4,313,63),(290,1,314,65),(291,2,315,65),(292,3,316,65),(293,4,317,65),(295,1,319,66),(296,2,320,66),(297,3,321,66),(298,4,322,66),(299,6,323,66),(300,5,324,66),(301,6,325,65),(302,5,326,65),(303,1,327,67),(304,2,328,67),(305,3,329,67),(306,4,330,67),(307,1,331,68),(308,2,332,68),(309,3,333,68),(310,4,334,68),(311,1,335,69),(312,2,336,69),(313,3,337,69),(314,4,338,69),(319,1,343,71),(320,2,344,71),(321,3,345,71),(322,4,346,71),(323,1,347,72),(324,2,348,72),(325,3,349,72),(326,4,350,72);
/*!40000 ALTER TABLE `page_ordered_content` ENABLE KEYS */;
UNLOCK TABLES;

--
-- Table structure for table `page_property`
--

DROP TABLE IF EXISTS `page_property`;
CREATE TABLE `page_property` (
  `id` bigint(20) NOT NULL auto_increment,
  `name` varchar(255) default NULL,
  `type` varchar(255) default NULL,
  `value` varchar(255) default NULL,
  PRIMARY KEY  (`id`)
) ENGINE=InnoDB AUTO_INCREMENT=49 DEFAULT CHARSET=utf8;

--
-- Dumping data for table `page_property`
--

LOCK TABLES `page_property` WRITE;
/*!40000 ALTER TABLE `page_property` DISABLE KEYS */;
INSERT INTO `page_property` VALUES (1,NULL,'Boolean','false'),(2,NULL,'Boolean','false'),(3,NULL,'Boolean','false'),(4,NULL,'Boolean','false'),(5,NULL,'Boolean','false'),(6,NULL,'Boolean','false'),(7,NULL,'Boolean','false'),(8,NULL,'Boolean','false'),(9,NULL,'Boolean','false'),(10,NULL,'Boolean','false'),(11,NULL,'Boolean','false'),(12,NULL,'Boolean','false'),(13,NULL,'Boolean','false'),(14,NULL,'Boolean','false'),(15,NULL,'Boolean','false'),(16,NULL,'Boolean','false'),(17,NULL,'Boolean','false'),(18,NULL,'Boolean','false'),(19,NULL,'Boolean','false'),(20,NULL,'Boolean','false'),(21,NULL,'Boolean','false'),(22,NULL,'Boolean','false'),(23,NULL,'Boolean','false'),(24,NULL,'Boolean','false'),(25,NULL,'Boolean','false'),(26,NULL,'Boolean','false'),(27,NULL,'Boolean','false'),(28,NULL,'Boolean','false'),(29,NULL,'Boolean','false'),(30,NULL,'Boolean','false'),(31,NULL,'Boolean','false'),(32,NULL,'Boolean','false'),(33,NULL,'Boolean','false'),(34,NULL,'Boolean','false'),(35,NULL,'Boolean','false'),(36,NULL,'Boolean','false'),(37,NULL,'Boolean','false'),(38,NULL,'Boolean','false'),(39,NULL,'Boolean','false'),(40,NULL,'Boolean','false'),(41,NULL,'Boolean','false'),(42,NULL,'Boolean','false'),(43,NULL,'Boolean','false'),(44,NULL,'Boolean','false'),(45,NULL,'Boolean','false'),(46,NULL,'Boolean','false'),(47,NULL,'Boolean','false'),(48,NULL,'Boolean','false');
/*!40000 ALTER TABLE `page_property` ENABLE KEYS */;
UNLOCK TABLES;

--
-- Table structure for table `page_property_mappings`
--

DROP TABLE IF EXISTS `page_property_mappings`;
CREATE TABLE `page_property_mappings` (
  `Page_id` bigint(20) NOT NULL,
  `properties_id` bigint(20) NOT NULL,
  `mapkey` varchar(255) NOT NULL,
  PRIMARY KEY  (`Page_id`,`mapkey`),
  UNIQUE KEY `properties_id` (`properties_id`),
  KEY `FKF3817ADF450FC3D9` (`properties_id`),
  KEY `FKF3817ADF383AEC08` (`Page_id`)
) ENGINE=InnoDB DEFAULT CHARSET=utf8;

--
-- Dumping data for table `page_property_mappings`
--

LOCK TABLES `page_property_mappings` WRITE;
/*!40000 ALTER TABLE `page_property_mappings` DISABLE KEYS */;
INSERT INTO `page_property_mappings` VALUES (19,1,'nameVisible'),(20,2,'nameVisible'),(21,3,'nameVisible'),(22,4,'nameVisible'),(23,5,'nameVisible'),(25,6,'nameVisible'),(26,7,'nameVisible'),(27,8,'nameVisible'),(28,9,'nameVisible'),(29,10,'nameVisible'),(30,11,'nameVisible'),(31,12,'nameVisible'),(32,13,'nameVisible'),(33,14,'nameVisible'),(34,15,'nameVisible'),(35,16,'nameVisible'),(37,18,'nameVisible'),(38,19,'nameVisible'),(39,20,'nameVisible'),(40,21,'nameVisible'),(41,22,'nameVisible'),(42,23,'nameVisible'),(43,24,'nameVisible'),(44,25,'nameVisible'),(45,26,'nameVisible'),(46,27,'nameVisible'),(47,28,'nameVisible'),(48,29,'nameVisible'),(49,30,'nameVisible'),(51,31,'nameVisible'),(53,32,'nameVisible'),(56,34,'nameVisible'),(57,35,'nameVisible'),(58,36,'nameVisible'),(59,37,'nameVisible'),(62,39,'nameVisible'),(63,40,'nameVisible'),(65,41,'nameVisible'),(66,42,'nameVisible'),(67,43,'nameVisible'),(68,44,'nameVisible'),(69,45,'nameVisible'),(71,47,'nameVisible'),(72,48,'nameVisible');
/*!40000 ALTER TABLE `page_property_mappings` ENABLE KEYS */;
UNLOCK TABLES;

--
-- Table structure for table `project`
--

DROP TABLE IF EXISTS `project`;
CREATE TABLE `project` (
  `id` bigint(20) NOT NULL auto_increment,
  `name` varchar(255) default NULL,
  `dashboard_id` bigint(20) default NULL,
  `publicProject` bit(1) default NULL,
  PRIMARY KEY  (`id`),
  KEY `FK50C8E2F92CF9A9E3` (`dashboard_id`),
  KEY `FKED904B192CF9A9E3` (`dashboard_id`),
  CONSTRAINT `FKED904B192CF9A9E3` FOREIGN KEY (`dashboard_id`) REFERENCES `page` (`id`)
) ENGINE=InnoDB AUTO_INCREMENT=10 DEFAULT CHARSET=utf8;

--
-- Dumping data for table `project`
--

LOCK TABLES `project` WRITE;
/*!40000 ALTER TABLE `project` DISABLE KEYS */;
INSERT INTO `project` VALUES (1,'Demo project',1,'\0'),(2,'test1',6,''),(3,'Template',10,''),(4,'Riina\'s Project',12,'\0'),(5,'Artti\'s own',14,'\0'),(6,'Juhanitest',18,'\0'),(7,'oma',24,'\0'),(8,'Shkinen hoitosofta',61,'\0'),(9,'Issue Manager',64,'\0');
/*!40000 ALTER TABLE `project` ENABLE KEYS */;
UNLOCK TABLES;

--
-- Table structure for table `text_content`
--

DROP TABLE IF EXISTS `text_content`;
CREATE TABLE `text_content` (
  `id` bigint(20) NOT NULL,
  `text` text,
  PRIMARY KEY  (`id`),
  KEY `FK6A10726C98DFA226` (`id`),
  KEY `FKB16FA36798DFA226` (`id`),
  CONSTRAINT `FKB16FA36798DFA226` FOREIGN KEY (`id`) REFERENCES `content` (`id`)
) ENGINE=InnoDB DEFAULT CHARSET=utf8;

--
-- Dumping data for table `text_content`
--

LOCK TABLES `text_content` WRITE;
/*!40000 ALTER TABLE `text_content` DISABLE KEYS */;
INSERT INTO `text_content` VALUES (4,'Project will have direct link to a dashboard.'),(6,''),(10,'A domain model is located in an sd-domain layer. This layer is meant to be plain old java \nobjects (POJO). Location in the layered view is slightly non standard. Even though it exists \non same level as many others, it cannot depend basically on any other layers. It is logically \nshowing that domain model usage is spread all around Shared Design Tool including the \nserver side. As long as there are no complex dependencies in the domain model it can be \nused on the client and the server side. \n\n'),(11,'In Figure a dashed line separates client and server sides. As described in RIA, rich \nweb applications have limitations during the implementation. In GWT those limitations \nare that the client can depend only GWT emulated Java libraries and classes implemented\n5 Shared Design Tool Design and Implementation 37 \nin those libraries. If some unknown dependency is added, there will be a run time failure \nof loading those classes in the GWT development environment. '),(13,'Shared Design Tool application framework was extracted from main application code \nto have more reusable code. It could have been just Java packages inside the sd-app, \nbut this also restrict that component wouldnt accidentally have unwanted dependencies \nto application logic. Now that it is totally separated, somebody would deliberately add \ndependencies to above layers. Developer would notice that he has to do some extra work \nto get some strange dependency. At that moment developer would ask himself or someone \nelse that is this dependency ok. If he would check layered architecture, developer would \nnotice that it violates that. In addition to layered architecture view and communication to \nothers it could be checked during nightly build are dependencies valid.'),(17,'<h3>Persisting domain model objects</h3>\nThe client requests the server to update page DTO \ninstance with modi?ed data. The server calls Hibernate4GWT to merge the current \npersistence Page object with updated data inside the page DTO object. Hibernate4GWT \nloads persistence object and updates changed ?elds and returns a database entity object \nto be used while saving modi?ed data to the database. Page DAO handles only database \nobjects and can now persists data to the database. Once a persisted object is transferred \nback to the client side it is ?rst cloned with Hibernate4GWT to a PageDTO object, which \ncan be serialized all the way to the client side.'),(19,'Requirement suggest that when line is dragged from one point line is having more middle points <p>\n\nIdea is to have a polyline and draw all of those. Below a desired effect is shown with three arrows</p>\n<ul>\n<li> shape is stored as text into database => no need in the future to add new database types, nodetype, shape, text\n<li> line shape is a list of points\n<li> parse text shape\n</ul>\n\n\n'),(48,'<h3>My Design</h3>\nThis is a description.\n\n'),(53,'<h3>New Sketches</h3> \n[[SKETCHES(Title,modifier,modifiedTime,max:5,order:modifiedTime desc,where:createdTime>%NOW%-60*24*5)]] \n\n<h3>Latest Modified Sketches</h3> \n[[SKETCHES(Title,Status,modifier,modifiedTime,max:5,order:modifiedTime desc)]] \n\n'),(54,'<h3>New Sketches</h3> \n[[SKETCHES(id,summary,modifier,modifiedTime, max:3,order:modifiedTime desc,where:createdTime>%NOW%-60*24*3)]] \n\n<h3>Latest Modified Sketches</h3> \n[[SKETCHES(id,summary,link,modifier,modifiedTime, max:5,order:modifiedTime desc)]] \n\n'),(56,'This is a dasboard for Sketcho demo project. \n\n<h3>Goals of the design</h3>\n<ul>\n<li>Easily updatable\n<li>Clear structure\n<li>Simple and flexible\n</ul>\n\n\n\n'),(58,'<ul>\n<li>Project\'s are associated to users</li>\n<li>Owner has in addition an admin rights for a project</li>\n</ul>\n\nAll the users have ROLE_USER. ROLE_SUPERUSER can be used later add super user a possibility to access any project he wants. Currently that is not possible.<p>\n\nSecurity always checks if user has rights for a project. No other object\'s are currently associated to projects. But project can be accessed currently most of the domain model objects.</p><p>\n\nACL security is divided in to two different parts. Before method invocation to check if user has rights to access domain object <strong>AclProjectEntryVoter</strong>. After invocation ACL rights are checked with <strong>AclProjectEntryVoter</strong> and <strong>AclProjectEntryVoter</strong>.</p>\n\nUI needs to be improved exclude buttons like edit and delete if user doesn\'t have access rights to action.'),(60,'<ul>\n<li>Project\'s are associated to users</li>\n<li>Owner has in addition an admin rights for a project</li>\n</ul>\n\nAll the users have ROLE_USER. ROLE_SUPERUSER can be used later add super user a possibility to access any project he wants. Currently that is not possible.<p>\n\nSecurity always checks if user has rights for a project. No other object\'s are currently associated to projects. But project can be accessed currently most of the domain model objects.</p><p>\n\nACL security is divided in to two different parts. Before method invocation to check if user has rights to access domain object <strong>AclEntryAfterInvocationProjectPublicProvider</strong>. After invocation ACL rights are checked with <strong>AclEntryAfterInvocationProjectCollectionFilteringProvider</strong> and <strong>AclProjectEntryVoter</strong>.</p>'),(63,'There are only few compulsory fields. '),(65,'This is a template structure for a project. Will be providing dashboard with SKETCH macros. Add first component to a software hierarchy.'),(70,'<ul>\n<li>It needs to be possible to open plain content directly with link. \n</li><li>Needs to have security. Content project is checked if user have authorization for it.\n</li>\n</ul>\n\nSketch could be a page with properties. Properties are content items. <p>\n\nAuthorization while opening Content can be handled with bi-directional association between Sketch and Content.</p>\n\n<pre><code>\n&lt;bean id=\"sketchContentServiceSecurity\" class=\"org.acegisecurity.intercept.method.aopalliance.MethodSecurityInterceptor\"&gt; \n	&lt;property name=\"authenticationManager\"&gt;<ref bean=\"authenticationManager\"> \n	&lt;property name=\"accessDecisionManager\"&gt;<ref bean=\"authorizationDecisionManager\"> \n	&lt;property name=\"afterInvocationManager\"&gt;<ref bean=\"afterInvocationManager\"> \n	&lt;property name=\"objectDefinitionSource\"&gt; \n		&lt;value&gt; \n			net.st.shareddesign.serverAPI.remote.IContentRemote.open=ACL_SKETCH_CONTENT_WRITE\n		&lt;/value&gt; \n	&lt;/property&gt; \n&lt;/bean&gt; \n</ref></ref></ref></code>\n</pre>'),(76,'<strong>SurfaceHandler</strong> is an own widget which listens mouseup, mousedown and mousemove events. With these events moving and resizing is handled.'),(77,'This is a dashboard. Going fine! Excellent. Hoka. hoi'),(80,'If diagram item sends events and canvas which is  a rectangle which sends events. Only top item can send events. Cannot really move items properly. '),(82,'Currently implemented with dojo cometd and bayeaux java servlet. Could connect to another server for server push services. This would also be a load balancing. ContentService can then request from another server active users for a project an notifies those that content update is available. Client would request content update if content is currently viewed on the client side.'),(93,'It needs to be possible to change content size. While editing a model current size area might not be enough. '),(98,''),(100,'Sketches are pages, which have template fields. <strong>properties</strong>\n<ul>\n<li>deletable\n</li><li>\n</li></ul>\n\n\n<h4>Pros</h4>\nCould utilize existing <strong>PageController</strong> and <strong>PageView</strong> implementations. It would reduce bugs if there is same implementation for both sketches and pages. More testing for same implementation.\n\n<h4>Cons</h4>\n\n<h4>Impact</h4>\n<ul>\n<li>Macro adapter: etsii oikean nimisi contentteja\n</li><li>Ticket db entity removed. One possibility is to \n</li><li>Page has type: sketch, doc\n</li><li>Content kuuluu aina pagelle. Voidaan helpommin debugata jos jotain menee pieleen.\n</li><li>Contentilla, modified, created ajat ja kuka muutti.\n</li><li>Kaikkia contentteja ei voi deletoida. Default kentti\n</li><li>Miten hanskataan ListContent: tlle pit pysty antamaan arvoja. SketchController voi antaa uudelle sketchille nm arvot. Tlle voi tehd jonkin taulun myhemmin. Mit voi sitten st esim. settingsien kautta.\n</li>\n<li>contentin nimen kirjoitus mahdollisuus? Nin pystyisi sketchiin kirjoittamaan uusia elementtej, joita kyttmn Macro adapterissa. Jos nime ei lydy macro adapteri voi nm ignoroida.\n</li><li>Tulisi viel harkita, ett Content on yleinen tyyppi tietokannassa. Ajonaikana siit instantioidaan uusia oikeita instansseja... Tmn muutoksen voi kuitenkin tehd myhemminkin. Ei ole vaikea tehd tuosta migraatiota. Jos <strong>performanssi</strong> alkaa krsimn on thn mentv.\n</li><li>Contentilla vois olla name visibility, nin otsikko kentt nytetn tavallisillakin sivuilla. Otsikon nimell voidaan sitten myhemmin kopioida/imporoida contenttia muille sivuille.\n</li></ul>\n\n\n<p>SketchController antaa contentit view:lle, joka vaan nytt ja vlitt eventit takaisin contollerille,\n\nIf page content has name, then page is showing that with h2.</p>\n\n<p>Page name sketchi-tapauksessa voisi olla vaikka vain id ja nameVisibility = false.\n\n</p><p><strong>Content Property Change Listener</strong>. Tll vois dynaamisesti kuunnella jos jokin property editor contentissa muuttuu. Nin voitaisiin poistaa IPageOrderedContent ja IContentilla olisi propertyj.\n</p><p><strong>Security</strong>. Remember to update secure methods! e.g. IPageRemote::createPage.\n\n</p><p>Pageen voidaan tallentaa viimeisin muutosaika ja oikeastaan alkuun tm riitt, mutta contentti tulee tarvitsemaan mys created | modified kentt. Contenteilla tulee olla omat historiat ja versiot.\n\n</p><p>Vaihtoehtoja nimetyille contenteille. \n</p><ul>\n<li>Haetaan map contenteista serverilt erikseen. loadMap(content, map); name, value pair list comes back.  <br><strong>Map&lt;String, String&gt; loadNamedContentItems(page, List&lt;String&gt; namedItems)</strong>\n<br>Tss on etuna se, ett ei vahingossa ladata koko kantaa.\n</li><li>non lazy content items erikseen ja content ptyy thn listaan, jos lazy param on true. Vhn hankala kun contentteja on tmn jlkeen kahdessa eri taulussa. Tosin tm voisi olla performanssinkin kannalta nopeampaa...\n</li></ul>\n\n<p></p><h4>Poistettavaa</h4>\n<ul>\n<li>db and dto Ticket\n</li><li>ticket controller ja view ja constantit\n</li></ul>'),(102,''),(107,'Start dragging background and all items will move with it.'),(112,'Sketches are pages, which have template fields. <strong>properties</strong>\n<ul>\n<li>deletable\n</li><li>\n</li></ul>\n\n\n<h4>Pros</h4>\nCould utilize existing <strong>PageController</strong> and <strong>PageView</strong> implementations. It would reduce bugs if there is same implementation for both sketches and pages. More testing for same implementation.\n\n<h4>Cons</h4>\n\n<h4>Impact</h4>\n<ul>\n<li>Macro adapter: etsii oikean nimisi contentteja\n</li><li>Ticket db entity removed. One possibility is to \n</li><li>Page has type: sketch, doc\n</li><li>Content kuuluu aina pagelle. Voidaan helpommin debugata jos jotain menee pieleen.\n</li><li>Contentilla, modified, created ajat ja kuka muutti.\n</li><li>Kaikkia contentteja ei voi deletoida. Default kentti\n</li><li>Miten hanskataan ListContent: tlle pit pysty antamaan arvoja. SketchController voi antaa uudelle sketchille nm arvot. Tlle voi tehd jonkin taulun myhemmin. Mit voi sitten st esim. settingsien kautta.\n</li>\n<li>contentin nimen kirjoitus mahdollisuus? Nin pystyisi sketchiin kirjoittamaan uusia elementtej, joita kyttmn Macro adapterissa. Jos nime ei lydy macro adapteri voi nm ignoroida.\n</li><li>Tulisi viel harkita, ett Content on yleinen tyyppi tietokannassa. Ajonaikana siit instantioidaan uusia oikeita instansseja... Tmn muutoksen voi kuitenkin tehd myhemminkin. Ei ole vaikea tehd tuosta migraatiota. Jos <strong>performanssi</strong> alkaa krsimn on thn mentv.\n</li><li>Contentilla vois olla name visibility, nin otsikko kentt nytetn tavallisillakin sivuilla. Otsikon nimell voidaan sitten myhemmin kopioida/imporoida contenttia muille sivuille.\n</li></ul>\n\n\n<p>SketchController antaa contentit view:lle, joka vaan nytt ja vlitt eventit takaisin contollerille,\n\nIf page content has name, then page is showing that with h2.</p>\n\n<p>Page name sketchi-tapauksessa voisi olla vaikka vain id ja nameVisibility = false.\n\n</p><p><strong>Content Property Change Listener</strong>. Tll vois dynaamisesti kuunnella jos jokin property editor contentissa muuttuu. Nin voitaisiin poistaa IPageOrderedContent ja IContentilla olisi propertyj.\n</p><p><strong>Security</strong>. Remember to update secure methods! e.g. IPageRemote::createPage.\n\n</p><p>Pageen voidaan tallentaa viimeisin muutosaika ja oikeastaan alkuun tm riitt, mutta contentti tulee tarvitsemaan mys created | modified kentt. Contenteilla tulee olla omat historiat ja versiot.\n\n</p><p>Vaihtoehtoja nimetyille contenteille. \n</p><ul>\n<li>Haetaan map contenteista serverilt erikseen. loadMap(content, map); name, value pair list comes back.  <br><strong>Map&lt;String, String&gt; loadNamedContentItems(page, List&lt;String&gt; namedItems)</strong>\n<br>Tss on etuna se, ett ei vahingossa ladata koko kantaa.\n</li><li>non lazy content items erikseen ja content ptyy thn listaan, jos lazy param on true. Vhn hankala kun contentteja on tmn jlkeen kahdessa eri taulussa. Tosin tm voisi olla performanssinkin kannalta nopeampaa...\n</li></ul>\n\n<p></p><h4>Poistettavaa</h4>\n<ul>\n<li>db and dto Ticket\n</li><li>ticket controller ja view ja constantit\n</li></ul>\n'),(117,'<ul>\n<li>It needs to be possible to open plain content directly with link. \n</li><li>Needs to have security. Content project is checked if user have authorization for it.\n</li>\n</ul>\n\nSketch could be a page with properties. Properties are content items. <p>\n\nAuthorization while opening Content can be handled with bi-directional association between Sketch and Content.</p>\n\n<pre><code>\n&lt;bean id=\"sketchContentServiceSecurity\" class=\"org.acegisecurity.intercept.method.aopalliance.MethodSecurityInterceptor\"&gt; \n	&lt;property name=\"authenticationManager\"&gt;<ref bean=\"authenticationManager\"> \n	&lt;property name=\"accessDecisionManager\"&gt;<ref bean=\"authorizationDecisionManager\"> \n	&lt;property name=\"afterInvocationManager\"&gt;<ref bean=\"afterInvocationManager\"> \n	&lt;property name=\"objectDefinitionSource\"&gt; \n		&lt;value&gt; \n			net.st.shareddesign.serverAPI.remote.IContentRemote.open=ACL_SKETCH_CONTENT_WRITE\n		&lt;/value&gt; \n	&lt;/property&gt; \n&lt;/bean&gt; \n</ref></ref></ref></code>\n</pre>'),(122,'It needs to be possible to change content size. While editing a model current size area might not be enough. '),(127,'<ul>\n<li>Project\'s are associated to users</li>\n<li>Owner has in addition an admin rights for a project</li>\n</ul>\n\nAll the users have ROLE_USER. ROLE_SUPERUSER can be used later add super user a possibility to access any project he wants. Currently that is not possible.<p>\n\nSecurity always checks if user has rights for a project. No other object\'s are currently associated to projects. But project can be accessed currently most of the domain model objects.</p><p>\n\nACL security is divided in to two different parts. Before method invocation to check if user has rights to access domain object <strong>AclProjectEntryVoter</strong>. After invocation ACL rights are checked with <strong>AclProjectEntryVoter</strong> and <strong>AclProjectEntryVoter</strong>.</p>\n\nUI needs to be improved exclude buttons like edit and delete if user doesn\'t have access rights to action.'),(130,'This is text for below one'),(134,'Giving excellent description'),(139,'Sketchill on ainoastaan pari ominaisuutta: delete, page name, siirto design puolelle (tmn voi tehd vasta seuraavaan releasiin). Sketchi ei voi jrjest... tai miksi ei voisi. Ainoastaa p sketchit olisi nkyviss tai plussalla avattavissa.'),(144,NULL),(152,'User have a need to save how UI is personalized. E.g. saving is project members disclosure panel open or closed... is Design Map open or closed. How editing happens one click or two clicks.'),(154,'<h3>Current real model</h3>\nCurrent real model. E.g. in this situation I might like to move previous domain model to sketch side. That could be e.g. drag and dropped to sketches link and then it would be applied to sketches. In this situation toolbar should move with the. This is the specialization that Sketcho has for design. Real usability for quick designs and keeping documentation uptodate.'),(158,'Feedback flow'),(163,NULL),(168,'When macro [column] is inserted. Everything after that goes to separate column.'),(173,'Ei olisikaan erillist [edit] -linkki vaan esim. klikkaamalla kentt kentt muuttuu editoitavaksi. Tallennus tapahtuu automaattisesti kun focus muuttuu. Kyttj alkaa navigoimaan muuaalle tai siirt fokuksen pois selaimesta. Tai alkuun voi olla esim. tuplaklikkaus, jolla voi siirty edit-modeen tai edit-linkki voi edelleen olla...'),(178,'Ei en erillist sketchi macroa viimeksi muokatuille vaan kaikki on samassa listassa ja voidaan mritt mik tulkitaan uudeksi. Uudet sketchit erotellaan erikseen ikonilla.\n\n<h4>Discarded</h4>\nFeature is discarded and now status is defining if sketch is new or not. Style is set based on style.'),(183,'Currently sketches view and sketches macro performance is not on a good level. Perhaps Map database solution is not correct, because it is so slow or pipe from client to server is blocked by cometd...\n\n<h5>Future</h5>\nCurrently performance is ok. Might be needed to future cache and load only 25 items at a time.'),(188,'Server would notify when project is changed. Then project would not need to be updated every time project is changed. On the client side there could be state object that listens project change notifies and other objects requests that through context.'),(198,'Refactor page title content to be a page name. This would be same for sketch and pages. Page title needs to be modifiable in same way as page content is usually modified.'),(202,NULL),(207,'Diagram items with text (boxes, ellipses) will be auto resized when long text is inputted. If user edits size should size be that then and auto resize is off? Or it is just possible to resize box, but if text is modified size is changed again. At least that could be the first approach and no changes to the model is needed.\n\n<p>Below is shown possible design when user sizing is remembered.'),(211,'In this way for one project can have own custom values as choice items. Could be possible to sort based on the value and change options for existing sketches. \n\n<h3>Proposal</h3>\nFor now let\'s just have one order column which is modified time and background color of Closed are grey.'),(215,'Selected relationship is selected on toolbar area.'),(219,'Sketches would be shown in the same way in a project dashboard and on a sketches view. SketchUiList needs to override addRow method and add row customization in there.'),(223,'User clicks needs to be diminished when modeled. Currently it is not very intuitive to add new element types from a toolbar to modeling area. Usability tests have shown that it is difficult to understand how to get elements from the toolbar to the modeling area. \n\n<h5>Solution</h5>\nAdd feature direct insert the toolbar. Selected item will be directly inserted to the modeling area when clicked. Item will be drawn on that position. Double clicking will be supported as well. This could be later configurable. \n\n<h5>Note</h5>\nIf there are any items selected in the main modeling area, item will not be copied on first click, instead first selection will go away and second click will copy selected item from the toolbar area.'),(227,'Sketches can be ordered by creation time in that way. An other possibility would be to add creation time column.'),(231,'Implemented in <a href=\"http://7scales.net:8080/sketcho/#?controller=sketch&projectId=1&pageId=46\">Bending relationship is totally non intuitive!!</a>. Handles can be eaten by dragging on forward point.'),(235,'Bend points needs to be created by dragging or key combination needs to be ctrl plus mouse down point. Below diagram unfortunately only works on Safari. When keyboard events are routed through browser. This model would support automatically client keyboard layout.\n\n<p>\nFor bending it has been decided to remove special key to start bending. \n<ul>\n<li>Bending happends through handles that are crosses or squares (at least on background those needs to be squares)\n<li>Bend points are deletable. Changed that when those is straightened then new bend points just disappears.\n<li>Relationships can be moved on any other points. (draggable as a whole)\n</ul>\n\n<b>Different line strategies</b>\n<ul>\n<li>lines are separate own lines (could be easier)\n<li>lines are polylines (graphics might be faster). Slightly more difficult to calculate where is middle point to start bending. Difficult to calculate selection area! <strong>This approach has been selected.</strong>\n</ul>'),(239,'It could fix key event problems on safari 4 where shift and cntrl events on top of silverlight plugin cannot be catched. Also IE8 support is added. Beware that ie8 has own user agent value if silverlight plugin loading needs some special hacking...'),(243,'Could be sorted based on priority. Drag and drop support to change priority can be added easily. But big lists might bring some problems... Priority is modified only through drag and dropping. This is then a working backlog list of design work items. This is important feature, because in agile methodologies work items are prioritized. There should be handle on the left side as gmail has for applying labels. Handle would be used to change priority in the list.\n\n<p>\nOne possibility is to prioritize based on Status and modified time. Then priorities are only groups which might be enough. Status values would need to be in priority order. Then list need to have separate order value and display name. Order would be New, Started, Accepted, Designed, Future, Discarded. '),(247,'Needs color change support from ui and domain model. This is also needed for version comparison. It should be possible to show which elements are added on which version.'),(251,NULL),(257,NULL),(265,NULL),(271,NULL),(277,'<ul>\n<li>Especially drawing on linux platform is slow and picture is updated only when mouse is released. This makes drawing really hard on Linux environment.\n<li>An other problem is that relationships are updated when something is moved. All relationships are redrawn. Need to change observer model that elements registers directly to an other element and not controlled through central mouse manager...\n</ul>\n\n\n<h5>Possible solution</h5>\nChange rendering so that position is not set immediately only after render transformation. This means coordinate translation, which is harder to use otherwise generally.\n\n<h5>Consider this</h5>\nAll the elements could just handled with transformations. Then there would not be any flickering when mouse is released. When editor is saved transformations would be applied to be actual position of a shape. Then flickering would arise only during saving.\n\n<h5>Performance problems still!!</h5>\nOne possibility could be that dojo is slowing performance with silverlight. Put own dojo wrapper before silverlight and see if there is a performance differences.\nMost probably problem is with relationships. Those are redrawn way too often and taking too much processing power. New observer model is needed or anchor is checked before updated.\nNeed to still study transformations for polylines. Is it possible to have transformation instead setting shape, because that is also sligthly heavy...\n\n<h5>Silverlight rendering problems still</h5>\nIt seems that relationship rendering is slow. Perhaps applyTransform could be optimized to modify only lines, but no selection areas.\n\n<h5>Silverlight rendering problems improved</h5>\nProblem is that silverlight doesn\'t get turn to render if javascript takes all processing power. Now DeferredCommand increment command is added to do drawing steps on mouse move managers. This makes drawing little bit funny on slow machines, because elements are drawn separately and that is clearly seen. Following guide lines are used: <a href=\"http://msdn.microsoft.com/en-us/library/bb693295.aspx#transparent_control\">Performance improvement guide lines for Silverlight</a>. Especially silverlight visibility (dojo impl removed) and incremental javascript processing are used.\n\n\n'),(290,'Olisi oikeastaan aika trket pysty lismn uutta tietoa kommentteina, jolloin pivmr nkyy erikseen ja kuka kommentin on lisnnyt. Kommenttia ei pystyisi muuttamaan myhemmin (ehk kyttj itse...). Itse kytn tiedon lismist inkrementaalisesti ja samoin kvisi mys useamman kyttjn kyttess sketchoa. Tss tulisi ehk mietti voiko kontenttia aina vaan muokata kontentin omistaja...'),(296,'Relationship needs to attach itself to an element easier. Elements which allow anchors need to provide dynamic anchor positions. When relationship is released on top of anchor element, element decides shortest anchor position in its edge and reports that to anchor. Anchor can then attach itself to there. This however doesn\'t work if anchor element size is changed. Size change would need in addition to support anchor elements within element. Then if these anchor elements within element is moved only then onDrag for anchor element would be notified.'),(305,'Niin paljon on erilaisia kentti, ett niit tulee kuitenkin lis. Jokaisella domain elementill tulisi olla oma property-taulu. Kun properteill on tyyppi, niin UI:ssa voidaan luoda oikeanlainen UI-komponentti.'),(309,'Niin paljon on erilaisia kentti, ett niit tulee kuitenkin lis. Eri hoivataloilla on kuitenkin jotain omaa. Jokaisella domain elementill tulisi olla oma property-taulu. Kun properteill on tyyppi, niin UI:ssa voidaan luoda oikeanlainen UI-komponentti.\n'),(312,'<h5>Kartanonvki yleisi vaatimuksia</h5>\n\n<ul>\n<li>Printtaus jokaisesta nkymst.\n<li>Asukaslistaus\n<li>Tietojen suojaus (pankkiturvallisuus)\n<li>Client-Server\n<li>Ulkomaalaiset (venliset, filippiiniliset) => lokalisointi\n<li>Kytettvyys\n<li>Search\n</ul>\n\nTyn tulisi valmistua 1 1/2 vuodessa => 2011 Q1. Lisosien tekeminen. Asiakkuuden hallinta. Laskutus. Perustoiminnallisuus on hoivaseuranta. Lis on viel hlytykset.\n\n<p>Kilpailijoita: raisoft, hoivasofta..., enterra...\n\n<p>Oikea turvallisuustaso. Voidaanko sertifikaateilla list turvallisuutta? Avain+salasanayhdistelm. Varmaankin riittv turvallisuus saataisiin sisverkko+vpn yhteys+kriittisen datan kryptaus'),(316,'Issuena voi olla bugi, enhancement, refactoring, comment. Nit kuitenkin voi muuttaa vain projektin omistaja. Prioriteettia pit pysty muuttamaan esim. raahaamalla. Description. Commentit alas. \n\n<p>\nPicture linkit onnistuukin rich text editorissa vaan includoi imagen.'),(321,'Take existing framework design from Sketcho.'),(324,'<ul>\n<li>List => drop down selection\n<li>String => String field\n<li>Number => Number field\n<li>Boolean => boolean field\n</ul>'),(326,'TODO: how to handle option values!! Those could be loaded or provided at the same time with DTO objects with some logic. Jos options_class on tyhj niin options kentt sislt tarvittavat vaihtoehdot. Jos options_class sislt luokan niin silloin options arvo tytetn dynaamisesti tmn mukaan.'),(329,'It is possible to create page from element with in diagram editor area.'),(333,NULL),(337,NULL),(345,''),(349,'');
/*!40000 ALTER TABLE `text_content` ENABLE KEYS */;
UNLOCK TABLES;

--
-- Table structure for table `text_line_content`
--

DROP TABLE IF EXISTS `text_line_content`;
CREATE TABLE `text_line_content` (
  `id` bigint(20) NOT NULL,
  `text` text,
  PRIMARY KEY  (`id`),
  KEY `FK959C0E5898DFA226` (`id`),
  KEY `FK12120D0098DFA226` (`id`),
  CONSTRAINT `FK12120D0098DFA226` FOREIGN KEY (`id`) REFERENCES `content` (`id`)
) ENGINE=InnoDB DEFAULT CHARSET=utf8;

--
-- Dumping data for table `text_line_content`
--

LOCK TABLES `text_line_content` WRITE;
/*!40000 ALTER TABLE `text_line_content` DISABLE KEYS */;
/*!40000 ALTER TABLE `text_line_content` ENABLE KEYS */;
UNLOCK TABLES;

--
-- Table structure for table `users`
--

DROP TABLE IF EXISTS `users`;
CREATE TABLE `users` (
  `id` bigint(20) NOT NULL auto_increment,
  `enabled` bit(1) NOT NULL,
  `password` varchar(50) NOT NULL,
  `username` varchar(50) NOT NULL,
  PRIMARY KEY  (`id`),
  UNIQUE KEY `username` (`username`),
  UNIQUE KEY `username_2` (`username`)
) ENGINE=InnoDB AUTO_INCREMENT=15 DEFAULT CHARSET=utf8;

--
-- Dumping data for table `users`
--

LOCK TABLES `users` WRITE;
/*!40000 ALTER TABLE `users` DISABLE KEYS */;
INSERT INTO `users` VALUES (1,'','duff','saiki'),(2,'','kala','artti'),(3,'','kala','myrtti'),(4,'','kala','jean'),(5,'','koala','marissa'),(7,'','jaana','jaana'),(8,'','pekka','pekka'),(9,'','rampe','rampe'),(10,'','kalle','kalle'),(11,'','riina','riina'),(12,'','test1','test1'),(13,'','kala','jarna'),(14,'','hespler','Jari');
/*!40000 ALTER TABLE `users` ENABLE KEYS */;
UNLOCK TABLES;
/*!40103 SET TIME_ZONE=@OLD_TIME_ZONE */;

/*!40101 SET SQL_MODE=@OLD_SQL_MODE */;
/*!40014 SET FOREIGN_KEY_CHECKS=@OLD_FOREIGN_KEY_CHECKS */;
/*!40014 SET UNIQUE_CHECKS=@OLD_UNIQUE_CHECKS */;
/*!40101 SET CHARACTER_SET_CLIENT=@OLD_CHARACTER_SET_CLIENT */;
/*!40101 SET CHARACTER_SET_RESULTS=@OLD_CHARACTER_SET_RESULTS */;
/*!40101 SET COLLATION_CONNECTION=@OLD_COLLATION_CONNECTION */;
/*!40111 SET SQL_NOTES=@OLD_SQL_NOTES */;

-- Dump completed on 2009-08-26 12:47:36
